CITY_NAME,Population,Violent crime,Murder and nonnegligent manslaughter,Rape1,Robbery,Aggravated assault,Property crime,Burglary,Larceny-theft,Motor vehicle theft,Arson2
Abington,16448.0,23.0,4.0,5.0,3.0,11.0,153.0,23.0,122.0,8.0,1.0
Acton,23780.0,32.0,0.0,6.0,2.0,24.0,66.0,13.0,50.0,3.0,0.0
Acushnet,10533.0,12.0,0.0,5.0,0.0,7.0,35.0,14.0,19.0,2.0,0.0
Adams,8028.0,26.0,0.0,10.0,2.0,14.0,94.0,34.0,59.0,1.0,2.0
Agawam,28736.0,82.0,0.0,13.0,8.0,61.0,376.0,133.0,228.0,15.0,1.0
Amesbury,17595.0,25.0,0.0,3.0,3.0,19.0,132.0,18.0,107.0,7.0,0.0
Amherst,39603.0,99.0,0.0,28.0,2.0,69.0,173.0,55.0,103.0,15.0,2.0
Andover,36547.0,8.0,0.0,6.0,1.0,1.0,215.0,28.0,180.0,7.0,0.0
Aquinnah,328.0,2.0,0.0,0.0,0.0,2.0,0.0,0.0,0.0,0.0,0.0
Arlington,45614.0,34.0,0.0,5.0,8.0,21.0,167.0,16.0,139.0,12.0,3.0
Ashburnham,6330.0,8.0,0.0,2.0,0.0,6.0,28.0,7.0,18.0,3.0,0.0
Ashland,17742.0,21.0,0.0,4.0,1.0,16.0,77.0,9.0,60.0,8.0,0.0
Athol,11679.0,47.0,1.0,7.0,2.0,37.0,101.0,9.0,88.0,4.0,1.0
Attleboro,44959.0,123.0,0.0,27.0,14.0,82.0,522.0,69.0,427.0,26.0,1.0
Auburn,16724.0,28.0,0.0,0.0,1.0,27.0,305.0,29.0,263.0,13.0,3.0
Avon3,4504.0,10.0,0.0,1.0,2.0,7.0,111.0,9.0,98.0,4.0,
Ayer,8192.0,14.0,0.0,1.0,1.0,12.0,57.0,14.0,40.0,3.0,0.0
Barnstable,44032.0,178.0,2.0,22.0,14.0,140.0,425.0,61.0,350.0,14.0,7.0
Barre,5573.0,16.0,0.0,1.0,1.0,14.0,18.0,1.0,10.0,7.0,0.0
Becket3,1724.0,3.0,0.0,0.0,0.0,3.0,4.0,1.0,3.0,0.0,0.0
Bedford,14193.0,7.0,0.0,0.0,1.0,6.0,40.0,2.0,37.0,1.0,0.0
Belchertown,15195.0,16.0,0.0,1.0,1.0,14.0,55.0,12.0,38.0,5.0,0.0
Bellingham,17143.0,25.0,0.0,3.0,2.0,20.0,194.0,16.0,170.0,8.0,2.0
Belmont,26331.0,6.0,0.0,1.0,0.0,5.0,179.0,76.0,98.0,5.0,2.0
Berkley,6799.0,8.0,0.0,2.0,0.0,6.0,19.0,9.0,9.0,1.0,0.0
Berlin,3241.0,4.0,0.0,2.0,1.0,1.0,31.0,4.0,26.0,1.0,0.0
Bernardston,2113.0,5.0,0.0,3.0,0.0,2.0,12.0,3.0,9.0,0.0,0.0
Beverly,42317.0,47.0,0.0,4.0,2.0,41.0,206.0,19.0,177.0,10.0,1.0
Billerica,43882.0,22.0,0.0,2.0,2.0,18.0,169.0,21.0,135.0,13.0,0.0
Blackstone,9294.0,13.0,0.0,1.0,2.0,10.0,21.0,5.0,12.0,4.0,0.0
Bolton,5393.0,2.0,0.0,0.0,0.0,2.0,25.0,2.0,23.0,0.0,0.0
"Boston3,4",698941.0,4244.0,42.0,231.0,1039.0,2932.0,,1703.0,10590.0,,
Bourne,19734.0,54.0,0.0,13.0,2.0,39.0,213.0,43.0,157.0,13.0,0.0
Boxborough,6540.0,4.0,0.0,0.0,0.0,4.0,26.0,1.0,21.0,4.0,0.0
Boxford,8352.0,0.0,0.0,0.0,0.0,0.0,13.0,2.0,11.0,0.0,0.0
Boylston,4694.0,4.0,0.0,0.0,0.0,4.0,2.0,0.0,2.0,0.0,0.0
Braintree,37145.0,45.0,0.0,3.0,4.0,38.0,486.0,52.0,417.0,17.0,1.0
Brewster,9725.0,25.0,0.0,4.0,0.0,21.0,38.0,9.0,28.0,1.0,0.0
Bridgewater,27270.0,59.0,0.0,4.0,3.0,52.0,95.0,23.0,62.0,10.0,0.0
Brockton,95287.0,782.0,5.0,63.0,148.0,566.0,1853.0,248.0,1317.0,288.0,16.0
Brookfield,3440.0,6.0,0.0,2.0,1.0,3.0,26.0,4.0,20.0,2.0,0.0
Brookline,58928.0,57.0,1.0,2.0,14.0,40.0,503.0,44.0,453.0,6.0,0.0
Burlington,29082.0,45.0,0.0,12.0,3.0,30.0,451.0,15.0,424.0,12.0,0.0
Cambridge,119908.0,334.0,1.0,26.0,67.0,240.0,1983.0,161.0,1724.0,98.0,8.0
Canton,23706.0,85.0,0.0,0.0,5.0,80.0,157.0,18.0,132.0,7.0,1.0
Carlisle,5255.0,1.0,0.0,1.0,0.0,0.0,22.0,4.0,18.0,0.0,0.0
Carver,11721.0,26.0,0.0,6.0,3.0,17.0,68.0,13.0,49.0,6.0,0.0
Charlton,13679.0,8.0,0.0,2.0,0.0,6.0,55.0,16.0,36.0,3.0,1.0
Chatham,6117.0,8.0,0.0,2.0,1.0,5.0,59.0,12.0,47.0,0.0,0.0
Chelmsford,35218.0,34.0,0.0,4.0,1.0,29.0,397.0,17.0,364.0,16.0,2.0
Chelsea,40496.0,270.0,0.0,27.0,65.0,178.0,594.0,105.0,406.0,83.0,2.0
Cheshire,3133.0,1.0,0.0,0.0,0.0,1.0,1.0,0.0,0.0,1.0,0.0
Chicopee,55293.0,340.0,2.0,35.0,57.0,246.0,1320.0,245.0,971.0,104.0,4.0
Chilmark,920.0,3.0,0.0,0.0,0.0,3.0,6.0,0.0,6.0,0.0,0.0
Clinton,13964.0,4.0,1.0,0.0,0.0,3.0,14.0,1.0,11.0,2.0,0.0
Cohasset,8609.0,3.0,0.0,0.0,0.0,3.0,53.0,10.0,40.0,3.0,0.0
Concord,19253.0,17.0,0.0,4.0,1.0,12.0,89.0,6.0,82.0,1.0,1.0
Dalton,6546.0,6.0,0.0,1.0,0.0,5.0,22.0,8.0,12.0,2.0,1.0
Danvers,27664.0,39.0,0.0,2.0,4.0,33.0,357.0,26.0,315.0,16.0,3.0
Dartmouth,34035.0,77.0,0.0,4.0,16.0,57.0,502.0,40.0,444.0,18.0,1.0
Dedham,25203.0,7.0,0.0,5.0,1.0,1.0,327.0,8.0,297.0,22.0,0.0
Deerfield,5032.0,5.0,0.0,2.0,0.0,3.0,43.0,15.0,27.0,1.0,1.0
Dennis,13738.0,88.0,0.0,17.0,1.0,70.0,194.0,45.0,144.0,5.0,0.0
Douglas,8946.0,8.0,0.0,2.0,1.0,5.0,24.0,6.0,15.0,3.0,0.0
Dover,6118.0,1.0,0.0,0.0,0.0,1.0,13.0,3.0,10.0,0.0,0.0
Dracut,31786.0,30.0,0.0,2.0,4.0,24.0,141.0,24.0,107.0,10.0,1.0
Dudley,11754.0,32.0,0.0,7.0,2.0,23.0,52.0,9.0,38.0,5.0,1.0
Dunstable,3405.0,3.0,0.0,0.0,0.0,3.0,7.0,3.0,3.0,1.0,0.0
Duxbury,15934.0,9.0,0.0,2.0,0.0,7.0,57.0,9.0,47.0,1.0,1.0
East Bridgewater,14472.0,27.0,0.0,3.0,2.0,22.0,64.0,12.0,46.0,6.0,2.0
East Brookfield,2202.0,4.0,0.0,0.0,0.0,4.0,7.0,0.0,3.0,4.0,0.0
Eastham,4823.0,5.0,0.0,2.0,0.0,3.0,38.0,2.0,35.0,1.0,0.0
Easthampton,15979.0,37.0,0.0,7.0,2.0,28.0,156.0,25.0,122.0,9.0,0.0
East Longmeadow,16269.0,24.0,1.0,6.0,6.0,11.0,172.0,28.0,132.0,12.0,2.0
Easton,25079.0,43.0,0.0,9.0,3.0,31.0,145.0,24.0,110.0,11.0,2.0
Edgartown,4362.0,20.0,0.0,3.0,1.0,16.0,60.0,9.0,47.0,4.0,0.0
Erving,1771.0,0.0,0.0,0.0,0.0,0.0,15.0,5.0,9.0,1.0,0.0
Everett,47195.0,245.0,3.0,19.0,19.0,204.0,623.0,104.0,445.0,74.0,1.0
Fairhaven,15996.0,51.0,0.0,11.0,2.0,38.0,214.0,29.0,178.0,7.0,0.0
Fall River,89066.0,773.0,5.0,51.0,113.0,604.0,1074.0,412.0,499.0,163.0,21.0
Falmouth,30717.0,110.0,0.0,17.0,5.0,88.0,357.0,112.0,231.0,14.0,3.0
Fitchburg,40621.0,217.0,1.0,26.0,36.0,154.0,538.0,94.0,399.0,45.0,3.0
Foxborough,17631.0,35.0,0.0,5.0,4.0,26.0,158.0,18.0,122.0,18.0,1.0
Framingham,73127.0,297.0,1.0,20.0,29.0,247.0,800.0,158.0,609.0,33.0,2.0
Franklin,33149.0,2.0,0.0,0.0,1.0,1.0,41.0,5.0,31.0,5.0,0.0
Freetown,9388.0,15.0,0.0,5.0,2.0,8.0,51.0,16.0,28.0,7.0,1.0
Gardner,20628.0,70.0,0.0,13.0,8.0,49.0,309.0,60.0,228.0,21.0,2.0
Georgetown,8777.0,2.0,0.0,0.0,0.0,2.0,33.0,5.0,27.0,1.0,0.0
Gill,1490.0,0.0,0.0,0.0,0.0,0.0,10.0,1.0,9.0,0.0,0.0
Gloucester,30362.0,58.0,0.0,7.0,1.0,50.0,164.0,21.0,130.0,13.0,0.0
Goshen,1065.0,0.0,0.0,0.0,0.0,0.0,4.0,2.0,2.0,0.0,0.0
Grafton,18880.0,15.0,0.0,4.0,1.0,10.0,46.0,10.0,34.0,2.0,0.0
Granby,6360.0,9.0,0.0,1.0,0.0,8.0,21.0,3.0,15.0,3.0,0.0
Great Barrington,6822.0,11.0,0.0,2.0,1.0,8.0,28.0,5.0,23.0,0.0,2.0
Greenfield,17464.0,84.0,0.0,11.0,10.0,63.0,342.0,84.0,248.0,10.0,0.0
Groton,11388.0,8.0,1.0,5.0,0.0,2.0,23.0,4.0,19.0,0.0,0.0
Groveland,6846.0,2.0,1.0,0.0,0.0,1.0,9.0,1.0,6.0,2.0,0.0
Hadley,5358.0,26.0,0.0,7.0,0.0,19.0,170.0,6.0,157.0,7.0,0.0
Halifax,7874.0,8.0,0.0,1.0,0.0,7.0,51.0,9.0,37.0,5.0,1.0
Hamilton,8075.0,1.0,0.0,0.0,0.0,1.0,26.0,4.0,19.0,3.0,0.0
Hampden,5199.0,1.0,0.0,0.0,0.0,1.0,20.0,6.0,13.0,1.0,0.0
Hanover,14485.0,3.0,0.0,0.0,0.0,3.0,121.0,4.0,116.0,1.0,0.0
Hanson,10876.0,17.0,0.0,1.0,2.0,14.0,47.0,9.0,37.0,1.0,0.0
Hardwick,3039.0,14.0,0.0,2.0,0.0,12.0,15.0,4.0,11.0,0.0,0.0
Harvard,6569.0,5.0,0.0,3.0,0.0,2.0,26.0,6.0,20.0,0.0,0.0
Harwich,12028.0,22.0,0.0,2.0,1.0,19.0,103.0,26.0,72.0,5.0,1.0
Hatfield,3286.0,2.0,0.0,0.0,0.0,2.0,35.0,12.0,23.0,0.0,0.0
Haverhill,63935.0,335.0,1.0,15.0,15.0,304.0,838.0,179.0,570.0,89.0,7.0
Hingham,23960.0,30.0,0.0,6.0,0.0,24.0,183.0,45.0,134.0,4.0,0.0
Holbrook,10990.0,33.0,0.0,4.0,4.0,25.0,129.0,26.0,94.0,9.0,0.0
Holland,2484.0,2.0,0.0,2.0,0.0,0.0,9.0,1.0,5.0,3.0,0.0
Holliston,14996.0,13.0,0.0,0.0,1.0,12.0,41.0,8.0,31.0,2.0,0.0
Holyoke,40178.0,345.0,4.0,36.0,53.0,252.0,1494.0,213.0,1184.0,97.0,4.0
Hopedale,5929.0,12.0,0.0,1.0,1.0,10.0,13.0,2.0,11.0,0.0,0.0
Hopkinton,18585.0,0.0,0.0,0.0,0.0,0.0,30.0,1.0,28.0,1.0,0.0
Hull,10402.0,47.0,0.0,4.0,1.0,42.0,81.0,7.0,70.0,4.0,0.0
Ipswich,14095.0,19.0,0.0,8.0,2.0,9.0,46.0,6.0,33.0,7.0,0.0
Kingston,13758.0,21.0,0.0,4.0,3.0,14.0,108.0,8.0,96.0,4.0,1.0
Lakeville,11419.0,16.0,0.0,3.0,1.0,12.0,84.0,20.0,62.0,2.0,0.0
Lancaster,8136.0,5.0,0.0,0.0,0.0,5.0,43.0,7.0,32.0,4.0,0.0
Lawrence,80243.0,541.0,3.0,32.0,87.0,419.0,954.0,113.0,677.0,164.0,1.0
Lee,5686.0,10.0,0.0,3.0,0.0,7.0,65.0,5.0,58.0,2.0,0.0
Leicester,11368.0,23.0,0.0,2.0,1.0,20.0,232.0,9.0,222.0,1.0,1.0
Lenox,4951.0,7.0,0.0,2.0,0.0,5.0,71.0,11.0,59.0,1.0,0.0
Leominster,41631.0,239.0,0.0,31.0,20.0,188.0,599.0,64.0,495.0,40.0,2.0
Lexington,33824.0,17.0,1.0,2.0,0.0,14.0,77.0,5.0,72.0,0.0,0.0
Lincoln,6798.0,4.0,0.0,1.0,0.0,3.0,16.0,2.0,14.0,0.0,0.0
Littleton,10334.0,11.0,0.0,5.0,0.0,6.0,48.0,5.0,43.0,0.0,0.0
Longmeadow,15737.0,10.0,0.0,3.0,0.0,7.0,120.0,28.0,82.0,10.0,1.0
Lowell,111423.0,405.0,4.0,20.0,100.0,281.0,1652.0,292.0,1190.0,170.0,10.0
Ludlow,21395.0,63.0,0.0,5.0,4.0,54.0,199.0,37.0,142.0,20.0,1.0
Lunenburg,11781.0,23.0,0.0,4.0,4.0,15.0,128.0,13.0,115.0,0.0,0.0
Lynn,94449.0,465.0,8.0,33.0,103.0,321.0,1347.0,302.0,908.0,137.0,1.0
Lynnfield,13130.0,2.0,0.0,0.0,0.0,2.0,77.0,8.0,68.0,1.0,0.0
Malden,60746.0,162.0,1.0,9.0,26.0,126.0,719.0,103.0,521.0,95.0,0.0
Manchester-by-the-Sea,5423.0,2.0,0.0,0.0,0.0,2.0,24.0,4.0,19.0,1.0,0.0
Mansfield,23987.0,65.0,0.0,11.0,5.0,49.0,167.0,15.0,144.0,8.0,0.0
Marblehead,20574.0,22.0,0.0,7.0,0.0,15.0,114.0,10.0,99.0,5.0,0.0
Marion,5132.0,4.0,0.0,1.0,0.0,3.0,32.0,4.0,28.0,0.0,0.0
Marlborough,39673.0,149.0,0.0,17.0,15.0,117.0,530.0,70.0,435.0,25.0,1.0
Marshfield,25794.0,32.0,0.0,2.0,3.0,27.0,71.0,9.0,56.0,6.0,0.0
Mashpee,14094.0,39.0,0.0,6.0,0.0,33.0,133.0,17.0,104.0,12.0,0.0
Mattapoisett,6372.0,12.0,0.0,1.0,0.0,11.0,40.0,5.0,33.0,2.0,0.0
Maynard,10654.0,24.0,0.0,3.0,2.0,19.0,39.0,7.0,29.0,3.0,0.0
Medford,57484.0,116.0,0.0,7.0,17.0,92.0,526.0,51.0,442.0,33.0,1.0
Medway,13405.0,6.0,0.0,0.0,0.0,6.0,27.0,6.0,21.0,0.0,0.0
Melrose,28120.0,32.0,0.0,0.0,3.0,29.0,172.0,25.0,131.0,16.0,0.0
Mendon,6176.0,3.0,0.0,0.0,0.0,3.0,16.0,2.0,9.0,5.0,0.0
Merrimac,7001.0,2.0,0.0,0.0,0.0,2.0,15.0,5.0,9.0,1.0,0.0
Methuen,50727.0,95.0,1.0,1.0,11.0,82.0,552.0,58.0,446.0,48.0,0.0
Middleboro,25183.0,128.0,0.0,17.0,9.0,102.0,188.0,14.0,151.0,23.0,5.0
Middleton,10113.0,5.0,0.0,0.0,0.0,5.0,41.0,3.0,35.0,3.0,0.0
Milford,29015.0,48.0,0.0,11.0,4.0,33.0,171.0,38.0,120.0,13.0,2.0
Millbury,13837.0,24.0,0.0,2.0,1.0,21.0,139.0,13.0,115.0,11.0,1.0
Millville,3249.0,5.0,0.0,3.0,0.0,2.0,14.0,1.0,13.0,0.0,0.0
Milton,27471.0,11.0,0.0,2.0,5.0,4.0,61.0,13.0,40.0,8.0,0.0
Monson,8851.0,27.0,0.0,4.0,0.0,23.0,43.0,12.0,24.0,7.0,0.0
Montague,8298.0,49.0,0.0,4.0,4.0,41.0,84.0,18.0,64.0,2.0,0.0
Nahant,3511.0,12.0,0.0,1.0,0.0,11.0,12.0,2.0,9.0,1.0,0.0
Nantucket,11393.0,27.0,0.0,2.0,0.0,25.0,154.0,17.0,133.0,4.0,1.0
Natick,36358.0,37.0,0.0,7.0,4.0,26.0,383.0,22.0,350.0,11.0,2.0
Needham,31275.0,10.0,0.0,2.0,0.0,8.0,135.0,22.0,112.0,1.0,1.0
New Bedford,94613.0,628.0,3.0,66.0,176.0,383.0,2127.0,465.0,1513.0,149.0,5.0
New Braintree,1024.0,3.0,0.0,0.0,0.0,3.0,4.0,2.0,1.0,1.0,0.0
Newburyport,18158.0,23.0,0.0,5.0,0.0,18.0,126.0,13.0,111.0,2.0,0.0
Newton,88658.0,49.0,0.0,4.0,10.0,35.0,510.0,75.0,424.0,11.0,1.0
Norfolk,11992.0,1.0,0.0,0.0,0.0,1.0,23.0,3.0,20.0,0.0,0.0
North Adams,12800.0,72.0,0.0,13.0,9.0,50.0,400.0,88.0,301.0,11.0,0.0
Northampton,28735.0,119.0,1.0,25.0,9.0,84.0,448.0,53.0,375.0,20.0,8.0
North Andover,31428.0,17.0,0.0,4.0,3.0,10.0,163.0,14.0,139.0,10.0,0.0
North Attleboro,29202.0,24.0,3.0,6.0,0.0,15.0,420.0,21.0,394.0,5.0,2.0
Northborough,15075.0,3.0,0.0,0.0,0.0,3.0,88.0,12.0,76.0,0.0,1.0
Northbridge,16732.0,31.0,0.0,2.0,0.0,29.0,140.0,21.0,113.0,6.0,1.0
Northfield,2988.0,0.0,0.0,0.0,0.0,0.0,10.0,1.0,9.0,0.0,0.0
North Reading,15687.0,16.0,0.0,3.0,1.0,12.0,60.0,10.0,44.0,6.0,0.0
Norton,19894.0,23.0,0.0,3.0,0.0,20.0,13.0,7.0,5.0,1.0,1.0
Norwell,11105.0,11.0,0.0,0.0,0.0,11.0,51.0,8.0,38.0,5.0,0.0
Norwood,29185.0,47.0,0.0,9.0,8.0,30.0,215.0,33.0,173.0,9.0,2.0
Oak Bluffs,4681.0,26.0,0.0,1.0,1.0,24.0,64.0,11.0,49.0,4.0,0.0
Oakham,1955.0,0.0,0.0,0.0,0.0,0.0,4.0,0.0,3.0,1.0,0.0
Orange,7643.0,22.0,0.0,3.0,2.0,17.0,93.0,17.0,72.0,4.0,1.0
Orleans,5742.0,5.0,0.0,1.0,0.0,4.0,50.0,6.0,44.0,0.0,0.0
Oxford,13973.0,29.0,0.0,11.0,0.0,18.0,162.0,12.0,144.0,6.0,0.0
Palmer,12258.0,50.0,0.0,2.0,3.0,45.0,115.0,34.0,71.0,10.0,3.0
Paxton,4944.0,8.0,0.0,2.0,0.0,6.0,12.0,1.0,9.0,2.0,0.0
Peabody,53104.0,123.0,0.0,21.0,8.0,94.0,435.0,55.0,350.0,30.0,2.0
Pelham,1322.0,0.0,0.0,0.0,0.0,0.0,3.0,2.0,1.0,0.0,0.0
Pembroke,18378.0,13.0,0.0,2.0,3.0,8.0,80.0,12.0,60.0,8.0,1.0
Pepperell,12146.0,15.0,0.0,5.0,1.0,9.0,58.0,5.0,50.0,3.0,0.0
Pittsfield,42268.0,300.0,2.0,36.0,31.0,231.0,796.0,263.0,490.0,43.0,6.0
Plainville,9281.0,6.0,1.0,0.0,0.0,5.0,48.0,7.0,40.0,1.0,0.0
Plymouth,60870.0,199.0,0.0,38.0,11.0,150.0,594.0,73.0,490.0,31.0,5.0
Plympton,2980.0,4.0,0.0,0.0,1.0,3.0,15.0,5.0,9.0,1.0,0.0
Princeton,3459.0,1.0,0.0,0.0,0.0,1.0,13.0,3.0,10.0,0.0,0.0
Provincetown,2939.0,16.0,0.0,2.0,1.0,13.0,51.0,8.0,41.0,2.0,0.0
Quincy,94113.0,375.0,1.0,31.0,61.0,282.0,1146.0,216.0,875.0,55.0,2.0
Randolph,34385.0,82.0,1.0,6.0,10.0,65.0,409.0,69.0,307.0,33.0,1.0
Raynham,14322.0,28.0,0.0,4.0,4.0,20.0,210.0,12.0,183.0,15.0,0.0
Reading,25305.0,3.0,0.0,0.0,0.0,3.0,116.0,15.0,94.0,7.0,0.0
Rehoboth,12252.0,8.0,0.0,0.0,1.0,7.0,46.0,16.0,26.0,4.0,0.0
Revere,53654.0,173.0,2.0,11.0,38.0,122.0,653.0,68.0,524.0,61.0,1.0
Rockland,17879.0,53.0,0.0,8.0,4.0,41.0,59.0,16.0,39.0,4.0,3.0
Rockport,7280.0,7.0,0.0,2.0,1.0,4.0,16.0,4.0,11.0,1.0,0.0
Rowley,6372.0,6.0,0.0,1.0,0.0,5.0,26.0,4.0,21.0,1.0,0.0
Rutland,8888.0,35.0,0.0,10.0,1.0,24.0,22.0,5.0,15.0,2.0,0.0
Salem,43443.0,108.0,0.0,14.0,21.0,73.0,727.0,87.0,594.0,46.0,6.0
Salisbury,9575.0,17.0,0.0,5.0,0.0,12.0,74.0,25.0,44.0,5.0,1.0
Sandwich,20016.0,40.0,0.0,5.0,1.0,34.0,97.0,16.0,79.0,2.0,2.0
Saugus,28378.0,72.0,0.0,9.0,10.0,53.0,360.0,28.0,305.0,27.0,1.0
Scituate,18774.0,14.0,0.0,2.0,0.0,12.0,62.0,7.0,50.0,5.0,1.0
Seekonk,15841.0,27.0,0.0,1.0,3.0,23.0,244.0,27.0,206.0,11.0,1.0
Sharon,18973.0,9.0,0.0,4.0,0.0,5.0,47.0,10.0,33.0,4.0,1.0
Shirley,7633.0,19.0,0.0,1.0,0.0,18.0,42.0,10.0,28.0,4.0,0.0
Shrewsbury,37983.0,4.0,0.0,1.0,2.0,1.0,126.0,15.0,92.0,19.0,0.0
Somerset,18036.0,43.0,0.0,3.0,4.0,36.0,130.0,8.0,114.0,8.0,0.0
Somerville,81668.0,166.0,0.0,16.0,38.0,112.0,1025.0,140.0,796.0,89.0,4.0
Southampton,6247.0,9.0,0.0,1.0,0.0,8.0,37.0,12.0,23.0,2.0,0.0
Southborough,10140.0,3.0,0.0,0.0,0.0,3.0,29.0,14.0,12.0,3.0,0.0
Southbridge,16826.0,79.0,0.0,21.0,3.0,55.0,238.0,50.0,172.0,16.0,0.0
South Hadley,17816.0,27.0,0.0,4.0,0.0,23.0,156.0,28.0,120.0,8.0,3.0
Southwick,9772.0,10.0,0.0,3.0,0.0,7.0,65.0,21.0,39.0,5.0,0.0
Spencer,11911.0,11.0,0.0,4.0,0.0,7.0,65.0,16.0,40.0,9.0,0.0
Springfield,154306.0,1397.0,20.0,81.0,358.0,938.0,4005.0,746.0,2766.0,493.0,31.0
Sterling,8175.0,4.0,0.0,3.0,0.0,1.0,16.0,2.0,13.0,1.0,0.0
Stockbridge,1898.0,1.0,0.0,0.0,0.0,1.0,24.0,4.0,19.0,1.0,0.0
Stoneham,22732.0,33.0,0.0,9.0,5.0,19.0,175.0,44.0,115.0,16.0,0.0
Stoughton,28961.0,58.0,1.0,9.0,7.0,41.0,286.0,33.0,231.0,22.0,1.0
Stow,7234.0,4.0,0.0,0.0,0.0,4.0,12.0,4.0,8.0,0.0,1.0
Sturbridge,9611.0,17.0,0.0,3.0,0.0,14.0,113.0,12.0,94.0,7.0,3.0
Sudbury,19727.0,15.0,0.0,6.0,1.0,8.0,67.0,6.0,58.0,3.0,0.0
Sunderland,3656.0,4.0,0.0,2.0,0.0,2.0,21.0,5.0,13.0,3.0,0.0
Sutton,9551.0,12.0,0.0,2.0,0.0,10.0,53.0,18.0,33.0,2.0,0.0
Swampscott,15296.0,8.0,0.0,1.0,1.0,6.0,113.0,12.0,100.0,1.0,0.0
Swansea,16681.0,34.0,0.0,5.0,1.0,28.0,118.0,17.0,97.0,4.0,0.0
Taunton,57028.0,217.0,2.0,15.0,17.0,183.0,345.0,86.0,238.0,21.0,3.0
Templeton,8109.0,13.0,0.0,2.0,0.0,11.0,22.0,6.0,12.0,4.0,0.0
Tewksbury,31424.0,81.0,0.0,23.0,7.0,51.0,345.0,19.0,308.0,18.0,1.0
Tisbury,4116.0,30.0,0.0,3.0,0.0,27.0,31.0,6.0,23.0,2.0,1.0
Topsfield,6644.0,5.0,0.0,1.0,0.0,4.0,10.0,2.0,7.0,1.0,0.0
Townsend,9546.0,10.0,0.0,2.0,0.0,8.0,32.0,4.0,21.0,7.0,0.0
Truro,1984.0,5.0,0.0,1.0,0.0,4.0,5.0,0.0,5.0,0.0,0.0
Tyngsboro,12456.0,19.0,0.0,4.0,3.0,12.0,47.0,5.0,31.0,11.0,0.0
Uxbridge,14066.0,20.0,0.0,3.0,2.0,15.0,74.0,18.0,48.0,8.0,1.0
Wakefield,27178.0,37.0,0.0,3.0,3.0,31.0,164.0,25.0,127.0,12.0,0.0
Wales,1894.0,2.0,0.0,1.0,0.0,1.0,5.0,3.0,2.0,0.0,1.0
Walpole,25150.0,49.0,0.0,11.0,1.0,37.0,257.0,25.0,220.0,12.0,0.0
Waltham,62737.0,102.0,0.0,13.0,7.0,82.0,512.0,70.0,420.0,22.0,5.0
Ware,9804.0,49.0,0.0,1.0,6.0,42.0,83.0,9.0,64.0,10.0,0.0
Wareham,22592.0,161.0,1.0,23.0,9.0,128.0,322.0,51.0,251.0,20.0,0.0
Watertown,36189.0,29.0,0.0,10.0,2.0,17.0,319.0,36.0,269.0,14.0,0.0
Wayland,13891.0,0.0,0.0,0.0,0.0,0.0,1.0,1.0,0.0,0.0,0.0
Webster,16925.0,122.0,0.0,16.0,3.0,103.0,208.0,39.0,158.0,11.0,0.0
Wellesley,29651.0,7.0,0.0,0.0,0.0,7.0,120.0,15.0,104.0,1.0,0.0
Wellfleet,2705.0,0.0,0.0,0.0,0.0,0.0,25.0,6.0,19.0,0.0,0.0
Wenham,5295.0,0.0,0.0,0.0,0.0,0.0,8.0,1.0,6.0,1.0,0.0
Westborough,19155.0,24.0,0.0,8.0,0.0,16.0,200.0,33.0,163.0,4.0,1.0
West Boylston,8216.0,11.0,0.0,0.0,2.0,9.0,47.0,13.0,27.0,7.0,0.0
West Bridgewater,7248.0,9.0,0.0,1.0,0.0,8.0,71.0,16.0,48.0,7.0,1.0
Westfield,41507.0,83.0,3.0,15.0,7.0,58.0,398.0,52.0,324.0,22.0,1.0
Westford,24403.0,10.0,0.0,0.0,1.0,9.0,54.0,5.0,45.0,4.0,0.0
Westminster,7902.0,20.0,0.0,1.0,0.0,19.0,43.0,5.0,36.0,2.0,0.0
Weston,12138.0,9.0,0.0,2.0,0.0,7.0,28.0,3.0,24.0,1.0,0.0
Westport,15920.0,21.0,0.0,4.0,0.0,17.0,111.0,27.0,74.0,10.0,1.0
West Springfield,28628.0,138.0,0.0,18.0,15.0,105.0,969.0,101.0,814.0,54.0,2.0
West Tisbury,2911.0,7.0,0.0,1.0,0.0,6.0,17.0,2.0,11.0,4.0,0.0
Westwood,16199.0,10.0,0.0,1.0,3.0,6.0,166.0,14.0,148.0,4.0,0.0
Weymouth,57776.0,170.0,0.0,21.0,9.0,140.0,462.0,44.0,386.0,32.0,0.0
Whately,1589.0,1.0,0.0,0.0,0.0,1.0,17.0,2.0,10.0,5.0,0.0
Whitman,15134.0,33.0,0.0,3.0,3.0,27.0,104.0,21.0,76.0,7.0,2.0
Wilbraham,14730.0,21.0,0.0,1.0,0.0,20.0,220.0,58.0,155.0,7.0,0.0
Williamsburg,2489.0,2.0,0.0,1.0,0.0,1.0,18.0,4.0,14.0,0.0,0.0
Williamstown,8021.0,6.0,0.0,4.0,0.0,2.0,71.0,3.0,66.0,2.0,0.0
Wilmington,23915.0,32.0,0.0,5.0,1.0,26.0,154.0,15.0,124.0,15.0,0.0
Winchendon,10897.0,37.0,0.0,9.0,0.0,28.0,100.0,30.0,57.0,13.0,1.0
Winchester,22850.0,7.0,0.0,0.0,0.0,7.0,88.0,10.0,74.0,4.0,1.0
Winthrop,18692.0,37.0,0.0,2.0,6.0,29.0,129.0,11.0,102.0,16.0,0.0
Woburn,40251.0,70.0,0.0,2.0,10.0,58.0,414.0,46.0,323.0,45.0,1.0
Worcester,184945.0,1165.0,13.0,40.0,229.0,883.0,3792.0,786.0,2637.0,369.0,6.0
Worthington,1191.0,0.0,0.0,0.0,0.0,0.0,0.0,0.0,0.0,0.0,0.0
Wrentham,11989.0,4.0,0.0,2.0,0.0,2.0,178.0,18.0,153.0,7.0,0.0
Yarmouth,23076.0,96.0,0.0,19.0,3.0,74.0,229.0,38.0,186.0,5.0,0.0
Barrington,16090.0,4.0,0.0,2.0,1.0,1.0,89.0,14.0,74.0,1.0,0.0
Bristol,22070.0,16.0,0.0,7.0,0.0,9.0,103.0,6.0,94.0,3.0,1.0
Burrillville,16859.0,9.0,1.0,2.0,0.0,6.0,79.0,17.0,57.0,5.0,2.0
Central Falls,19423.0,82.0,1.0,11.0,13.0,57.0,289.0,44.0,192.0,53.0,2.0
Charlestown,7819.0,6.0,0.0,1.0,1.0,4.0,48.0,14.0,32.0,2.0,1.0
Coventry,34751.0,31.0,0.0,11.0,0.0,20.0,386.0,73.0,294.0,19.0,3.0
Cranston,81471.0,127.0,1.0,26.0,20.0,80.0,1110.0,113.0,912.0,85.0,13.0
Cumberland,35206.0,25.0,0.0,8.0,5.0,12.0,252.0,30.0,203.0,19.0,2.0
East Greenwich,13119.0,5.0,0.0,0.0,2.0,3.0,91.0,9.0,78.0,4.0,0.0
East Providence,47590.0,62.0,0.0,20.0,6.0,36.0,498.0,75.0,353.0,70.0,3.0
Foster,4730.0,3.0,0.0,1.0,0.0,2.0,27.0,9.0,18.0,0.0,0.0
Glocester,10281.0,4.0,0.0,0.0,0.0,4.0,26.0,5.0,17.0,4.0,1.0
Hopkinton,8110.0,4.0,0.0,3.0,0.0,1.0,39.0,7.0,31.0,1.0,0.0
Jamestown,5508.0,4.0,0.0,2.0,0.0,2.0,24.0,2.0,21.0,1.0,0.0
Johnston,29424.0,32.0,0.0,8.0,6.0,18.0,326.0,62.0,225.0,39.0,0.0
Lincoln,21891.0,25.0,0.0,6.0,8.0,11.0,380.0,33.0,325.0,22.0,0.0
Little Compton,3488.0,2.0,0.0,0.0,0.0,2.0,21.0,6.0,14.0,1.0,0.0
Middletown,15934.0,11.0,0.0,5.0,0.0,6.0,151.0,14.0,129.0,8.0,2.0
Narragansett,15411.0,14.0,0.0,6.0,1.0,7.0,103.0,13.0,84.0,6.0,2.0
Newport,24584.0,68.0,0.0,19.0,8.0,41.0,537.0,79.0,437.0,21.0,3.0
New Shoreham,1032.0,3.0,0.0,0.0,0.0,3.0,23.0,7.0,15.0,1.0,0.0
North Kingstown,26286.0,23.0,0.0,15.0,0.0,8.0,214.0,29.0,180.0,5.0,2.0
North Providence,32655.0,44.0,1.0,6.0,2.0,35.0,208.0,48.0,117.0,43.0,2.0
North Smithfield,12568.0,6.0,0.0,2.0,0.0,4.0,272.0,12.0,251.0,9.0,1.0
Pawtucket,72030.0,293.0,1.0,57.0,47.0,188.0,1640.0,315.0,1146.0,179.0,13.0
Portsmouth,17330.0,11.0,0.0,4.0,0.0,7.0,76.0,16.0,57.0,3.0,1.0
Providence,179762.0,892.0,13.0,106.0,241.0,532.0,5413.0,715.0,4224.0,474.0,5.0
Richmond,7701.0,3.0,0.0,0.0,0.0,3.0,37.0,4.0,30.0,3.0,0.0
Scituate,10707.0,6.0,0.0,4.0,0.0,2.0,38.0,2.0,34.0,2.0,1.0
Smithfield,21790.0,6.0,0.0,3.0,0.0,3.0,195.0,21.0,171.0,3.0,1.0
South Kingstown,30656.0,19.0,0.0,8.0,1.0,10.0,214.0,31.0,172.0,11.0,1.0
Tiverton,15745.0,11.0,0.0,5.0,2.0,4.0,180.0,21.0,148.0,11.0,1.0
Warren,10419.0,18.0,0.0,5.0,1.0,12.0,133.0,24.0,104.0,5.0,0.0
Warwick,80749.0,76.0,2.0,29.0,8.0,37.0,1239.0,108.0,1073.0,58.0,2.0
Westerly,22475.0,15.0,1.0,9.0,0.0,5.0,243.0,36.0,193.0,14.0,1.0
West Greenwich,6375.0,4.0,0.0,0.0,1.0,3.0,37.0,10.0,24.0,3.0,0.0
West Warwick,28847.0,54.0,0.0,14.0,2.0,38.0,238.0,58.0,161.0,19.0,2.0
Woonsocket,41709.0,237.0,2.0,34.0,40.0,161.0,865.0,197.0,580.0,88.0,15.0
Ansonia,18656.0,36.0,1.0,10.0,11.0,14.0,277.0,14.0,220.0,43.0,1.0
Avon,18320.0,4.0,0.0,0.0,1.0,3.0,209.0,15.0,182.0,12.0,0.0
Berlin,20500.0,19.0,0.0,2.0,5.0,12.0,251.0,40.0,196.0,15.0,1.0
Bethel,19855.0,6.0,2.0,1.0,1.0,2.0,125.0,13.0,108.0,4.0,0.0
Bloomfield,21406.0,27.0,1.0,5.0,5.0,16.0,500.0,21.0,431.0,48.0,0.0
Branford,28002.0,9.0,0.0,2.0,4.0,3.0,386.0,30.0,326.0,30.0,0.0
Bridgeport,144908.0,843.0,17.0,71.0,392.0,363.0,2465.0,555.0,1292.0,618.0,13.0
Bristol,59977.0,53.0,1.0,8.0,21.0,23.0,822.0,113.0,603.0,106.0,2.0
Brookfield,17071.0,4.0,0.0,1.0,1.0,2.0,143.0,6.0,134.0,3.0,0.0
Canton,10267.0,5.0,0.0,1.0,0.0,4.0,56.0,4.0,45.0,7.0,0.0
Cheshire,29167.0,13.0,1.0,4.0,2.0,6.0,207.0,14.0,172.0,21.0,0.0
Clinton,12914.0,12.0,0.0,5.0,3.0,4.0,232.0,21.0,207.0,4.0,0.0
Coventry,12411.0,12.0,0.0,6.0,1.0,5.0,132.0,16.0,103.0,13.0,0.0
Cromwell,13894.0,5.0,0.0,1.0,2.0,2.0,363.0,21.0,326.0,16.0,3.0
Danbury,85167.0,97.0,1.0,15.0,28.0,53.0,1045.0,132.0,827.0,86.0,4.0
Darien,21880.0,3.0,0.0,0.0,1.0,2.0,267.0,29.0,206.0,32.0,0.0
Derby,12468.0,24.0,0.0,4.0,11.0,9.0,240.0,39.0,179.0,22.0,2.0
East Hampton,12842.0,3.0,0.0,0.0,3.0,0.0,104.0,10.0,84.0,10.0,0.0
East Hartford,49842.0,76.0,1.0,18.0,31.0,26.0,775.0,109.0,525.0,141.0,8.0
East Haven,28635.0,36.0,0.0,7.0,11.0,18.0,572.0,58.0,454.0,60.0,0.0
East Lyme,18588.0,8.0,0.0,1.0,1.0,6.0,83.0,12.0,54.0,17.0,1.0
Easton,7519.0,0.0,0.0,0.0,0.0,0.0,42.0,13.0,21.0,8.0,0.0
East Windsor,11399.0,14.0,1.0,1.0,4.0,8.0,275.0,39.0,219.0,17.0,0.0
Enfield2,44443.0,49.0,1.0,12.0,6.0,30.0,606.0,59.0,497.0,50.0,2.0
Fairfield,62239.0,31.0,1.0,3.0,13.0,14.0,941.0,96.0,791.0,54.0,0.0
Farmington,25525.0,6.0,0.0,2.0,3.0,1.0,599.0,107.0,464.0,28.0,1.0
Glastonbury,34497.0,22.0,0.0,3.0,5.0,14.0,327.0,35.0,270.0,22.0,1.0
Granby,11386.0,0.0,0.0,0.0,0.0,0.0,64.0,3.0,58.0,3.0,0.0
Greenwich,62905.0,22.0,0.0,4.0,4.0,14.0,471.0,65.0,348.0,58.0,0.0
Groton,8967.0,16.0,0.0,4.0,0.0,12.0,99.0,26.0,70.0,3.0,2.0
Groton Long Point,509.0,0.0,0.0,0.0,0.0,0.0,3.0,1.0,2.0,0.0,0.0
Groton Town,29046.0,34.0,1.0,10.0,2.0,21.0,304.0,37.0,249.0,18.0,2.0
Guilford,22194.0,10.0,0.0,4.0,1.0,5.0,201.0,14.0,176.0,11.0,3.0
Hamden,60855.0,199.0,2.0,9.0,45.0,143.0,1328.0,109.0,1047.0,172.0,1.0
Hartford,122245.0,1049.0,21.0,31.0,271.0,726.0,3424.0,427.0,2464.0,533.0,50.0
Ledyard,14698.0,6.0,0.0,4.0,0.0,2.0,73.0,15.0,53.0,5.0,1.0
Madison,18087.0,0.0,0.0,0.0,0.0,0.0,65.0,3.0,50.0,12.0,1.0
Manchester2,57630.0,100.0,1.0,16.0,46.0,37.0,1376.0,143.0,1135.0,98.0,1.0
Meriden,59378.0,157.0,3.0,19.0,38.0,97.0,1020.0,178.0,719.0,123.0,7.0
Middlebury,7750.0,2.0,0.0,0.0,0.0,2.0,64.0,9.0,47.0,8.0,0.0
Middletown,45963.0,38.0,0.0,5.0,10.0,23.0,613.0,62.0,474.0,77.0,0.0
Milford,54898.0,29.0,1.0,0.0,16.0,12.0,1028.0,95.0,853.0,80.0,1.0
Monroe,19466.0,3.0,0.0,2.0,1.0,0.0,84.0,12.0,66.0,6.0,1.0
Naugatuck,31214.0,30.0,0.0,10.0,9.0,11.0,441.0,48.0,372.0,21.0,3.0
New Britain2,72354.0,306.0,3.0,44.0,66.0,193.0,1195.0,188.0,826.0,181.0,7.0
New Canaan,20268.0,2.0,0.0,0.0,0.0,2.0,101.0,14.0,80.0,7.0,0.0
New Haven,130494.0,1168.0,13.0,45.0,321.0,789.0,4958.0,659.0,3580.0,719.0,28.0
Newington,30060.0,24.0,0.0,2.0,14.0,8.0,646.0,65.0,530.0,51.0,0.0
New London,26856.0,79.0,0.0,19.0,32.0,28.0,461.0,90.0,329.0,42.0,4.0
New Milford,26835.0,15.0,0.0,9.0,0.0,6.0,181.0,2.0,173.0,6.0,1.0
Newtown,27795.0,6.0,0.0,0.0,1.0,5.0,57.0,11.0,45.0,1.0,1.0
North Branford,14127.0,8.0,0.0,4.0,3.0,1.0,99.0,10.0,79.0,10.0,0.0
North Haven,23642.0,11.0,0.0,0.0,5.0,6.0,361.0,57.0,268.0,36.0,1.0
Norwalk,89440.0,183.0,1.0,8.0,29.0,145.0,1247.0,133.0,989.0,125.0,4.0
Norwich,38964.0,149.0,0.0,26.0,22.0,101.0,533.0,112.0,368.0,53.0,5.0
Old Saybrook,10069.0,2.0,0.0,0.0,0.0,2.0,69.0,5.0,59.0,5.0,0.0
Orange,13948.0,4.0,0.0,0.0,3.0,1.0,370.0,25.0,326.0,19.0,0.0
Plainfield,15145.0,18.0,1.0,9.0,1.0,7.0,37.0,3.0,29.0,5.0,0.0
Plainville,17610.0,33.0,0.0,1.0,3.0,29.0,348.0,18.0,309.0,21.0,0.0
Plymouth,11573.0,2.0,0.0,0.0,1.0,1.0,110.0,10.0,84.0,16.0,0.0
Portland,9281.0,4.0,0.0,1.0,0.0,3.0,38.0,3.0,26.0,9.0,0.0
Putnam,9374.0,18.0,0.0,9.0,0.0,9.0,72.0,9.0,56.0,7.0,2.0
Redding,9120.0,2.0,0.0,1.0,1.0,0.0,35.0,9.0,26.0,0.0,0.0
Ridgefield,25050.0,1.0,0.0,0.0,0.0,1.0,72.0,12.0,53.0,7.0,0.0
Rocky Hill,20199.0,12.0,1.0,7.0,2.0,2.0,212.0,21.0,166.0,25.0,0.0
Seymour,16505.0,9.0,0.0,2.0,4.0,3.0,104.0,20.0,73.0,11.0,2.0
Shelton,41287.0,22.0,0.0,8.0,7.0,7.0,304.0,61.0,219.0,24.0,1.0
Simsbury,25169.0,3.0,0.0,1.0,2.0,0.0,146.0,5.0,121.0,20.0,0.0
Southington,43886.0,26.0,0.0,2.0,6.0,18.0,542.0,87.0,407.0,48.0,1.0
South Windsor,26097.0,13.0,0.0,5.0,4.0,4.0,332.0,50.0,255.0,27.0,2.0
Stamford,130678.0,264.0,5.0,27.0,87.0,145.0,1803.0,196.0,1446.0,161.0,1.0
Stonington,18439.0,15.0,2.0,3.0,0.0,10.0,159.0,31.0,126.0,2.0,0.0
Stratford,52034.0,71.0,1.0,13.0,25.0,32.0,859.0,97.0,654.0,108.0,4.0
Suffield,15740.0,5.0,0.0,2.0,1.0,2.0,62.0,13.0,39.0,10.0,0.0
Thomaston,7521.0,4.0,0.0,1.0,1.0,2.0,58.0,6.0,46.0,6.0,0.0
Torrington,33972.0,36.0,0.0,12.0,5.0,19.0,372.0,53.0,289.0,30.0,2.0
Trumbull,35772.0,45.0,0.0,7.0,15.0,23.0,778.0,53.0,692.0,33.0,1.0
Vernon,29318.0,16.0,0.0,5.0,3.0,8.0,307.0,50.0,211.0,46.0,0.0
Wallingford,44457.0,17.0,0.0,6.0,1.0,10.0,291.0,35.0,237.0,19.0,1.0
Waterbury,107812.0,325.0,5.0,53.0,124.0,143.0,3263.0,450.0,2272.0,541.0,12.0
Waterford,18812.0,8.0,0.0,4.0,1.0,3.0,189.0,10.0,174.0,5.0,0.0
Watertown,21534.0,13.0,3.0,3.0,2.0,5.0,284.0,26.0,221.0,37.0,0.0
West Hartford,62875.0,36.0,0.0,1.0,30.0,5.0,1406.0,130.0,1192.0,84.0,1.0
West Haven,54794.0,85.0,1.0,21.0,29.0,34.0,1091.0,96.0,828.0,167.0,3.0
Weston,10254.0,0.0,0.0,0.0,0.0,0.0,15.0,1.0,14.0,0.0,0.0
Westport,28332.0,4.0,0.0,0.0,2.0,2.0,193.0,20.0,152.0,21.0,0.0
Wethersfield,26009.0,23.0,0.0,4.0,8.0,11.0,351.0,39.0,272.0,40.0,1.0
Willimantic,17660.0,22.0,0.0,7.0,6.0,9.0,119.0,18.0,85.0,16.0,1.0
Wilton,18439.0,4.0,0.0,0.0,0.0,4.0,109.0,13.0,89.0,7.0,0.0
Winchester,10585.0,7.0,0.0,3.0,3.0,1.0,85.0,24.0,56.0,5.0,0.0
Windsor,28717.0,12.0,0.0,3.0,2.0,7.0,605.0,43.0,502.0,60.0,1.0
Windsor Locks,12924.0,8.0,1.0,1.0,6.0,0.0,140.0,16.0,98.0,26.0,0.0
Wolcott,16642.0,7.0,0.0,3.0,4.0,0.0,195.0,30.0,139.0,26.0,0.0
Woodbridge,8782.0,6.0,1.0,3.0,1.0,1.0,89.0,13.0,66.0,10.0,0.0
Adams Village,1735.0,0.0,0.0,0.0,0.0,0.0,0.0,0.0,0.0,0.0,0.0
Addison Town and Village,2471.0,3.0,0.0,0.0,0.0,3.0,5.0,0.0,5.0,0.0,0.0
Afton Village,796.0,0.0,0.0,0.0,0.0,0.0,0.0,0.0,0.0,0.0,0.0
Akron Village,2851.0,1.0,0.0,0.0,0.0,1.0,5.0,1.0,4.0,0.0,0.0
Albany,97221.0,736.0,4.0,60.0,189.0,483.0,2919.0,445.0,2315.0,159.0,16.0
Albion Village,5802.0,17.0,0.0,2.0,1.0,14.0,147.0,27.0,115.0,5.0,2.0
Alfred Village,3988.0,1.0,0.0,0.0,0.0,1.0,23.0,5.0,18.0,0.0,0.0
Allegany Village,1707.0,1.0,0.0,0.0,0.0,1.0,9.0,0.0,8.0,1.0,0.0
Amherst Town,120864.0,141.0,2.0,11.0,42.0,86.0,1840.0,157.0,1640.0,43.0,5.0
Amityville Village,9430.0,3.0,1.0,0.0,0.0,2.0,68.0,12.0,52.0,4.0,0.0
Amsterdam,17773.0,40.0,1.0,3.0,7.0,29.0,220.0,49.0,158.0,13.0,3.0
Angelica Village,818.0,0.0,0.0,0.0,0.0,0.0,0.0,0.0,0.0,0.0,0.0
Arcade Village,1933.0,2.0,0.0,0.0,0.0,2.0,6.0,1.0,5.0,0.0,0.0
Ardsley Village,4538.0,1.0,0.0,1.0,0.0,0.0,21.0,3.0,17.0,1.0,0.0
Asharoken Village,644.0,0.0,0.0,0.0,0.0,0.0,0.0,0.0,0.0,0.0,0.0
Attica Village,2411.0,0.0,0.0,0.0,0.0,0.0,5.0,0.0,5.0,0.0,0.0
Baldwinsville Village,7931.0,0.0,0.0,0.0,0.0,0.0,46.0,4.0,41.0,1.0,3.0
Ballston Spa Village,5257.0,2.0,0.0,1.0,0.0,1.0,31.0,3.0,27.0,1.0,0.0
Barker,505.0,0.0,0.0,0.0,0.0,0.0,0.0,0.0,0.0,0.0,0.0
Bath Village,5446.0,12.0,0.0,2.0,3.0,7.0,73.0,14.0,59.0,0.0,0.0
Beacon,14510.0,24.0,1.0,4.0,6.0,13.0,150.0,15.0,128.0,7.0,0.0
Bedford Town,17791.0,1.0,0.0,0.0,0.0,1.0,57.0,4.0,52.0,1.0,0.0
Belmont Village,904.0,0.0,0.0,0.0,0.0,0.0,3.0,0.0,3.0,0.0,0.0
Bethlehem Town,35275.0,29.0,0.0,11.0,2.0,16.0,438.0,41.0,391.0,6.0,0.0
Binghamton,44475.0,355.0,2.0,42.0,66.0,245.0,1907.0,417.0,1429.0,61.0,16.0
Black River,1253.0,0.0,0.0,0.0,0.0,0.0,8.0,0.0,8.0,0.0,0.0
Blasdell Village,2665.0,5.0,0.0,0.0,2.0,3.0,39.0,7.0,30.0,2.0,0.0
Blooming Grove Town,11816.0,6.0,0.0,1.0,0.0,5.0,54.0,8.0,45.0,1.0,0.0
Bolton Town,2251.0,0.0,0.0,0.0,0.0,0.0,10.0,1.0,8.0,1.0,0.0
Boonville Village,1995.0,1.0,0.0,1.0,0.0,0.0,11.0,2.0,8.0,1.0,
Brant Town,2055.0,0.0,0.0,0.0,0.0,0.0,5.0,0.0,4.0,1.0,0.0
Brewster,2345.0,0.0,0.0,0.0,0.0,0.0,5.0,0.0,5.0,0.0,0.0
Briarcliff Manor Village,8267.0,0.0,0.0,0.0,0.0,0.0,30.0,1.0,29.0,0.0,0.0
Brighton Town,36036.0,25.0,0.0,5.0,4.0,16.0,611.0,85.0,507.0,19.0,0.0
Brockport Village,8241.0,10.0,0.0,3.0,1.0,6.0,59.0,5.0,52.0,2.0,0.0
Bronxville Village,6459.0,0.0,0.0,0.0,0.0,0.0,34.0,5.0,28.0,1.0,0.0
Brownville Village,1093.0,0.0,0.0,0.0,0.0,0.0,1.0,0.0,1.0,0.0,0.0
Buchanan Village,2243.0,2.0,0.0,1.0,1.0,0.0,6.0,0.0,6.0,0.0,0.0
Buffalo,255686.0,2533.0,47.0,121.0,802.0,1563.0,8298.0,1610.0,6009.0,679.0,143.0
Cairo Town,6413.0,1.0,0.0,0.0,0.0,1.0,30.0,5.0,24.0,1.0,0.0
Cambridge Village,1794.0,0.0,0.0,0.0,0.0,0.0,19.0,2.0,17.0,0.0,0.0
Camden Village,2164.0,0.0,0.0,0.0,0.0,0.0,24.0,1.0,22.0,1.0,0.0
Camillus Town and Village,24160.0,17.0,0.0,7.0,2.0,8.0,277.0,22.0,245.0,10.0,2.0
Canajoharie Village,2136.0,1.0,0.0,1.0,0.0,0.0,15.0,2.0,12.0,1.0,0.0
Canandaigua,10217.0,45.0,0.0,22.0,3.0,20.0,178.0,22.0,148.0,8.0,0.0
Canastota Village,4513.0,7.0,0.0,3.0,1.0,3.0,33.0,7.0,24.0,2.0,1.0
Canisteo Village,2131.0,4.0,0.0,2.0,0.0,2.0,3.0,0.0,3.0,0.0,0.0
Canton Village,6407.0,3.0,0.0,1.0,0.0,2.0,18.0,2.0,16.0,0.0,0.0
Cape Vincent Village,702.0,0.0,0.0,0.0,0.0,0.0,0.0,0.0,0.0,0.0,0.0
Carmel Town,34251.0,8.0,0.0,0.0,0.0,8.0,76.0,5.0,69.0,2.0,0.0
Carroll Town,3329.0,0.0,0.0,0.0,0.0,0.0,19.0,5.0,14.0,0.0,0.0
Carthage Village,3336.0,1.0,0.0,1.0,0.0,0.0,45.0,3.0,41.0,1.0,0.0
Catskill Village,3797.0,6.0,0.0,0.0,1.0,5.0,71.0,18.0,52.0,1.0,0.0
Cattaraugus Village,907.0,0.0,0.0,0.0,0.0,0.0,0.0,0.0,0.0,0.0,0.0
Cayuga Heights Village,3666.0,0.0,0.0,0.0,0.0,0.0,7.0,1.0,6.0,0.0,0.0
Cazenovia Village,2842.0,2.0,0.0,1.0,0.0,1.0,18.0,3.0,15.0,0.0,0.0
Central Square Village,1749.0,0.0,0.0,0.0,0.0,0.0,63.0,1.0,62.0,0.0,1.0
Centre Island Village,410.0,0.0,0.0,0.0,0.0,0.0,1.0,1.0,0.0,0.0,0.0
Chatham Village,1619.0,0.0,0.0,0.0,0.0,0.0,3.0,0.0,3.0,0.0,0.0
Cheektowaga Town,76821.0,187.0,2.0,15.0,57.0,113.0,2153.0,208.0,1856.0,89.0,4.0
Chester Town,8043.0,8.0,0.0,1.0,3.0,4.0,7.0,0.0,7.0,0.0,0.0
Chester Village,4120.0,0.0,0.0,0.0,0.0,0.0,16.0,0.0,16.0,0.0,0.0
Chittenango Village,4835.0,1.0,0.0,0.0,0.0,1.0,19.0,1.0,16.0,2.0,0.0
Cicero Town,28732.0,5.0,0.0,1.0,1.0,3.0,174.0,18.0,150.0,6.0,0.0
Clarkstown Town,80599.0,56.0,0.0,12.0,11.0,33.0,985.0,33.0,918.0,34.0,2.0
Clayton Village,1828.0,0.0,0.0,0.0,0.0,0.0,12.0,1.0,11.0,0.0,0.0
Clyde Village,1937.0,3.0,0.0,0.0,1.0,2.0,23.0,8.0,15.0,0.0,0.0
Cobleskill Village,4329.0,15.0,0.0,2.0,1.0,12.0,51.0,2.0,48.0,1.0,1.0
Coeymans Town,7297.0,17.0,0.0,2.0,1.0,14.0,71.0,4.0,65.0,2.0,0.0
Cohocton Town,2452.0,0.0,0.0,0.0,0.0,0.0,0.0,0.0,0.0,0.0,0.0
Cohoes,16717.0,37.0,2.0,5.0,3.0,27.0,153.0,14.0,127.0,12.0,1.0
Colchester Town,1965.0,5.0,0.0,1.0,1.0,3.0,14.0,3.0,9.0,2.0,0.0
Cold Spring Village,1955.0,1.0,0.0,0.0,0.0,1.0,2.0,1.0,1.0,0.0,0.0
Colonie Town,79509.0,62.0,0.0,10.0,19.0,33.0,1870.0,120.0,1716.0,34.0,5.0
Cornwall-on-Hudson Village,2914.0,1.0,0.0,0.0,0.0,1.0,15.0,1.0,14.0,0.0,0.0
Cornwall Town,9502.0,2.0,0.0,1.0,0.0,1.0,7.0,2.0,5.0,0.0,0.0
Cortland,18655.0,55.0,0.0,27.0,6.0,22.0,325.0,77.0,246.0,2.0,1.0
Coxsackie Village,2653.0,0.0,0.0,0.0,0.0,0.0,1.0,0.0,1.0,0.0,0.0
Crawford Town,9171.0,1.0,0.0,0.0,1.0,0.0,64.0,13.0,49.0,2.0,1.0
Croton-on-Hudson Village,8131.0,3.0,0.0,0.0,0.0,3.0,36.0,2.0,32.0,2.0,0.0
Cuba Town,3083.0,1.0,0.0,0.0,0.0,1.0,27.0,3.0,24.0,0.0,0.0
Dansville Village,4389.0,1.0,0.0,0.0,0.0,1.0,52.0,7.0,44.0,1.0,0.0
Deerpark Town,7714.0,11.0,0.0,2.0,0.0,9.0,49.0,8.0,35.0,6.0,0.0
Delhi Village,3094.0,8.0,0.0,1.0,0.0,7.0,22.0,6.0,16.0,0.0,0.0
Depew Village,15008.0,15.0,0.0,5.0,2.0,8.0,193.0,27.0,156.0,10.0,1.0
Deposit Village,1524.0,1.0,0.0,0.0,1.0,0.0,10.0,1.0,8.0,1.0,0.0
DeWitt Town,25000.0,36.0,0.0,3.0,12.0,21.0,608.0,62.0,514.0,32.0,1.0
Dexter Village,1011.0,0.0,0.0,0.0,0.0,0.0,1.0,0.0,1.0,0.0,0.0
Dobbs Ferry Village,10990.0,4.0,0.0,0.0,2.0,2.0,44.0,2.0,38.0,4.0,0.0
Dryden Village,2121.0,4.0,0.0,2.0,1.0,1.0,24.0,3.0,21.0,0.0,0.0
Dunkirk,11712.0,21.0,1.0,0.0,5.0,15.0,210.0,37.0,168.0,5.0,0.0
Durham Town,2659.0,0.0,0.0,0.0,0.0,0.0,3.0,0.0,3.0,0.0,0.0
East Aurora-Aurora Town,13785.0,2.0,0.0,0.0,1.0,1.0,67.0,10.0,52.0,5.0,0.0
Eastchester Town,20073.0,3.0,0.0,0.0,2.0,1.0,67.0,8.0,52.0,7.0,0.0
East Greenbush Town,16324.0,10.0,0.0,1.0,2.0,7.0,400.0,37.0,358.0,5.0,0.0
East Rochester Village,6522.0,6.0,0.0,0.0,1.0,5.0,69.0,18.0,47.0,4.0,0.0
Eden Town,7621.0,2.0,0.0,1.0,0.0,1.0,36.0,8.0,25.0,3.0,0.0
Ellenville Village,3980.0,9.0,0.0,0.0,1.0,8.0,50.0,4.0,44.0,2.0,0.0
Ellicott Town,5014.0,13.0,0.0,2.0,2.0,9.0,241.0,30.0,210.0,1.0,0.0
Ellicottville,1575.0,0.0,0.0,0.0,0.0,0.0,9.0,2.0,7.0,0.0,0.0
Elmira,26958.0,83.0,1.0,0.0,40.0,42.0,831.0,172.0,643.0,16.0,0.0
Elmira Heights Village,3819.0,4.0,0.0,0.0,1.0,3.0,73.0,13.0,58.0,2.0,0.0
Elmira Town,5589.0,0.0,0.0,0.0,0.0,0.0,2.0,1.0,1.0,0.0,0.0
Elmsford Village,5295.0,3.0,0.0,0.0,1.0,2.0,11.0,3.0,8.0,0.0,0.0
Evans Town,16118.0,20.0,0.0,6.0,4.0,10.0,171.0,8.0,154.0,9.0,1.0
Fairport Village,5334.0,2.0,0.0,0.0,1.0,1.0,24.0,1.0,22.0,1.0,0.0
Fishkill Town,21307.0,8.0,0.0,0.0,2.0,6.0,190.0,5.0,184.0,1.0,
Fishkill Village,2071.0,1.0,0.0,0.0,0.0,1.0,20.0,1.0,19.0,0.0,0.0
Floral Park Village,15927.0,8.0,0.0,0.0,4.0,4.0,26.0,2.0,22.0,2.0,0.0
Florida Village,2851.0,0.0,0.0,0.0,0.0,0.0,5.0,3.0,2.0,0.0,0.0
Fort Edward Village,3253.0,2.0,0.0,2.0,0.0,0.0,4.0,2.0,2.0,0.0,0.0
Fort Plain Village,2224.0,9.0,0.0,4.0,0.0,5.0,53.0,7.0,46.0,0.0,0.0
Frankfort Town,4817.0,3.0,0.0,1.0,0.0,2.0,20.0,3.0,16.0,1.0,1.0
Frankfort Village,2432.0,6.0,0.0,1.0,0.0,5.0,12.0,1.0,9.0,2.0,0.0
Franklinville Village,1632.0,0.0,0.0,0.0,0.0,0.0,2.0,0.0,2.0,0.0,0.0
Freeport Village,43064.0,72.0,0.0,1.0,23.0,48.0,428.0,45.0,361.0,22.0,0.0
Friendship Town,1869.0,0.0,0.0,0.0,0.0,0.0,8.0,3.0,5.0,0.0,0.0
Galway Village,194.0,0.0,0.0,0.0,0.0,0.0,0.0,0.0,0.0,0.0,0.0
Garden City Village,22514.0,9.0,0.0,0.0,3.0,6.0,267.0,25.0,234.0,8.0,1.0
Gates Town,28366.0,55.0,0.0,11.0,11.0,33.0,776.0,66.0,669.0,41.0,2.0
Geddes Town,10038.0,4.0,0.0,0.0,2.0,2.0,162.0,22.0,135.0,5.0,0.0
Geneseo Village,8158.0,3.0,0.0,3.0,0.0,0.0,83.0,7.0,76.0,0.0,1.0
Geneva,12708.0,20.0,0.0,8.0,4.0,8.0,234.0,47.0,185.0,2.0,1.0
Glen Cove,27228.0,5.0,0.0,0.0,4.0,1.0,84.0,5.0,77.0,2.0,0.0
Glen Park Village,481.0,0.0,0.0,0.0,0.0,0.0,0.0,0.0,0.0,0.0,0.0
Glens Falls,14306.0,28.0,0.0,8.0,1.0,19.0,100.0,18.0,80.0,2.0,1.0
Glenville Town,21634.0,12.0,0.0,5.0,0.0,7.0,309.0,23.0,281.0,5.0,0.0
Gloversville,14738.0,66.0,0.0,24.0,2.0,40.0,401.0,36.0,349.0,16.0,1.0
Goshen Town,8798.0,2.0,0.0,0.0,0.0,2.0,27.0,3.0,23.0,1.0,0.0
Goshen Village,5337.0,2.0,0.0,0.0,0.0,2.0,29.0,5.0,23.0,1.0,0.0
Gowanda Village,2575.0,4.0,0.0,0.0,0.0,4.0,26.0,2.0,24.0,0.0,0.0
Granville Village,2422.0,3.0,0.0,0.0,1.0,2.0,12.0,3.0,9.0,0.0,0.0
Great Neck Estates Village,2884.0,0.0,0.0,0.0,0.0,0.0,12.0,8.0,1.0,3.0,0.0
Greece Town,95777.0,167.0,0.0,27.0,43.0,97.0,1847.0,194.0,1576.0,77.0,2.0
Greenburgh Town,45040.0,43.0,0.0,8.0,8.0,27.0,438.0,22.0,403.0,13.0,0.0
Greene Village,1415.0,0.0,0.0,0.0,0.0,0.0,22.0,5.0,16.0,1.0,0.0
Greenport Town,4286.0,0.0,0.0,0.0,0.0,0.0,56.0,0.0,55.0,1.0,0.0
Greenwich Village,1708.0,0.0,0.0,0.0,0.0,0.0,16.0,3.0,13.0,0.0,0.0
Greenwood Lake Village,3074.0,2.0,0.0,0.0,0.0,2.0,7.0,2.0,5.0,0.0,0.0
Groton Village,2278.0,0.0,0.0,0.0,0.0,0.0,36.0,2.0,34.0,0.0,0.0
Guilderland Town,34133.0,23.0,0.0,5.0,9.0,9.0,841.0,51.0,785.0,5.0,0.0
Hamburg Town,46445.0,43.0,2.0,0.0,8.0,33.0,742.0,66.0,659.0,17.0,3.0
Hamburg Village,9725.0,2.0,0.0,0.0,0.0,2.0,76.0,10.0,63.0,3.0,0.0
Hamilton Village,4081.0,0.0,0.0,0.0,0.0,0.0,3.0,0.0,3.0,0.0,0.0
Hancock Village,934.0,2.0,0.0,1.0,0.0,1.0,5.0,1.0,4.0,0.0,0.0
Harriman Village,2439.0,3.0,0.0,0.0,0.0,3.0,28.0,2.0,26.0,0.0,0.0
Harrison Town,27946.0,0.0,0.0,0.0,0.0,0.0,147.0,20.0,120.0,7.0,0.0
Hastings-on-Hudson Village,7916.0,2.0,0.0,0.0,0.0,2.0,58.0,4.0,53.0,1.0,1.0
Hempstead Village,55404.0,297.0,7.0,11.0,101.0,178.0,579.0,120.0,348.0,111.0,2.0
Herkimer Village,7291.0,41.0,0.0,11.0,2.0,28.0,201.0,19.0,179.0,3.0,0.0
Highlands Town,8444.0,0.0,0.0,0.0,0.0,0.0,7.0,2.0,5.0,0.0,0.0
Holley Village,1676.0,1.0,0.0,1.0,0.0,0.0,9.0,4.0,5.0,0.0,2.0
Homer Village,3100.0,1.0,0.0,0.0,0.0,1.0,2.0,0.0,2.0,0.0,0.0
Hoosick Falls Village,3359.0,5.0,0.0,0.0,0.0,5.0,21.0,3.0,17.0,1.0,0.0
Horseheads Village,6390.0,4.0,0.0,1.0,1.0,2.0,101.0,8.0,91.0,2.0,0.0
Hudson Falls Village,7023.0,14.0,0.0,4.0,0.0,10.0,45.0,8.0,35.0,2.0,1.0
Huntington Bay Village,1434.0,0.0,0.0,0.0,0.0,0.0,7.0,0.0,7.0,0.0,0.0
Hyde Park Town,20808.0,4.0,0.0,0.0,1.0,3.0,84.0,10.0,73.0,1.0,0.0
Ilion Village,7685.0,38.0,0.0,14.0,2.0,22.0,163.0,21.0,136.0,6.0,0.0
Independence Town,1137.0,2.0,0.0,0.0,0.0,2.0,4.0,1.0,3.0,0.0,0.0
Inlet Town,302.0,0.0,0.0,0.0,0.0,0.0,1.0,1.0,0.0,0.0,0.0
Irvington Village,6506.0,0.0,0.0,0.0,0.0,0.0,33.0,3.0,28.0,2.0,0.0
Ithaca,31122.0,41.0,1.0,5.0,9.0,26.0,840.0,56.0,768.0,16.0,2.0
Jamestown,29102.0,199.0,0.0,31.0,19.0,149.0,863.0,203.0,621.0,39.0,13.0
Johnson City Village,14196.0,61.0,1.0,19.0,10.0,31.0,765.0,76.0,681.0,8.0,1.0
Johnstown,8198.0,13.0,0.0,8.0,0.0,5.0,138.0,13.0,123.0,2.0,1.0
Jordan Village,1298.0,0.0,0.0,0.0,0.0,0.0,0.0,0.0,0.0,0.0,0.0
Kenmore Village,15025.0,11.0,0.0,0.0,4.0,7.0,175.0,23.0,147.0,5.0,0.0
Kensington Village,1189.0,0.0,0.0,0.0,0.0,0.0,5.0,0.0,3.0,2.0,0.0
Kent Town,13235.0,5.0,0.0,4.0,1.0,0.0,27.0,2.0,23.0,2.0,1.0
Kings Point Village,5312.0,2.0,0.0,0.0,1.0,1.0,24.0,4.0,2.0,18.0,0.0
Kingston,22844.0,68.0,2.0,13.0,10.0,43.0,498.0,59.0,419.0,20.0,2.0
Kirkland Town,8329.0,0.0,0.0,0.0,0.0,0.0,4.0,0.0,3.0,1.0,0.0
Lackawanna,17724.0,81.0,0.0,12.0,9.0,60.0,378.0,53.0,291.0,34.0,1.0
Lake Placid Village,2369.0,3.0,0.0,2.0,1.0,0.0,19.0,3.0,16.0,0.0,0.0
Lake Success Village,3153.0,0.0,0.0,0.0,0.0,0.0,16.0,2.0,12.0,2.0,0.0
Lakewood-Busti,7193.0,5.0,0.0,2.0,2.0,1.0,332.0,42.0,284.0,6.0,1.0
Lancaster Town,37571.0,21.0,0.0,5.0,8.0,8.0,398.0,37.0,351.0,10.0,0.0
Larchmont Village,6096.0,2.0,0.0,1.0,1.0,0.0,84.0,2.0,78.0,4.0,0.0
Lewisboro Town,12582.0,0.0,0.0,0.0,0.0,0.0,0.0,0.0,0.0,0.0,0.0
Lewiston Town and Village,15763.0,4.0,0.0,2.0,0.0,2.0,87.0,4.0,72.0,11.0,3.0
Liberty Village,4083.0,29.0,0.0,7.0,4.0,18.0,119.0,15.0,103.0,1.0,0.0
Little Falls,4642.0,15.0,0.0,2.0,1.0,12.0,39.0,4.0,34.0,1.0,2.0
Liverpool Village,2202.0,0.0,0.0,0.0,0.0,0.0,9.0,0.0,8.0,1.0,0.0
Lloyd Harbor Village,3667.0,3.0,0.0,0.0,0.0,3.0,7.0,0.0,6.0,1.0,0.0
Lloyd Town,10463.0,7.0,0.0,2.0,1.0,4.0,99.0,9.0,88.0,2.0,0.0
Long Beach,33552.0,19.0,0.0,0.0,2.0,17.0,66.0,5.0,53.0,8.0,1.0
Lowville Village,3315.0,3.0,0.0,0.0,0.0,3.0,14.0,2.0,12.0,0.0,0.0
Lynbrook Village,19492.0,13.0,0.0,2.0,2.0,9.0,95.0,8.0,81.0,6.0,0.0
Macedon Town and Village,8877.0,5.0,0.0,2.0,0.0,3.0,72.0,6.0,63.0,3.0,0.0
Malone Village,5581.0,12.0,0.0,6.0,1.0,5.0,112.0,12.0,96.0,4.0,0.0
Malverne Village,8514.0,2.0,0.0,0.0,0.0,2.0,10.0,3.0,7.0,0.0,0.0
Mamaroneck Town,12088.0,2.0,0.0,0.0,0.0,2.0,79.0,10.0,67.0,2.0,0.0
Mamaroneck Village,19183.0,16.0,0.0,1.0,2.0,13.0,157.0,21.0,122.0,14.0,0.0
Manchester Village,1618.0,0.0,0.0,0.0,0.0,0.0,0.0,0.0,0.0,0.0,0.0
Manlius Town,24168.0,19.0,0.0,5.0,4.0,10.0,254.0,24.0,216.0,14.0,2.0
Marcellus Village,1717.0,0.0,0.0,0.0,0.0,0.0,4.0,0.0,4.0,0.0,0.0
Marlborough Town,8601.0,3.0,0.0,0.0,0.0,3.0,45.0,4.0,37.0,4.0,0.0
Massena Village,10177.0,11.0,0.0,0.0,3.0,8.0,246.0,29.0,209.0,8.0,0.0
Maybrook Village,3791.0,1.0,0.0,0.0,0.0,1.0,7.0,2.0,4.0,1.0,0.0
Mechanicville,5072.0,7.0,0.0,0.0,0.0,7.0,32.0,6.0,23.0,3.0,0.0
Medina Village,5631.0,12.0,0.0,2.0,3.0,7.0,90.0,20.0,66.0,4.0,4.0
Menands Village,3885.0,4.0,0.0,0.0,1.0,3.0,92.0,14.0,74.0,4.0,0.0
Middleport Village,1745.0,1.0,0.0,0.0,0.0,1.0,10.0,2.0,8.0,0.0,0.0
Middletown,27801.0,87.0,3.0,16.0,16.0,52.0,308.0,45.0,249.0,14.0,2.0
Millerton Village,2958.0,0.0,0.0,0.0,0.0,0.0,10.0,6.0,3.0,1.0,0.0
Mohawk Village,2533.0,3.0,0.0,1.0,0.0,2.0,24.0,4.0,20.0,0.0,1.0
Monroe Village,8593.0,7.0,0.0,0.0,1.0,6.0,119.0,4.0,114.0,1.0,1.0
Montgomery Village,4621.0,0.0,0.0,0.0,0.0,0.0,13.0,1.0,12.0,0.0,0.0
Monticello Village,6392.0,25.0,0.0,2.0,4.0,19.0,113.0,27.0,82.0,4.0,0.0
Moravia Village,1200.0,0.0,0.0,0.0,0.0,0.0,11.0,1.0,10.0,0.0,
Moriah Town,4557.0,1.0,0.0,0.0,0.0,1.0,1.0,0.0,1.0,0.0,0.0
Mount Hope Town,6624.0,1.0,0.0,0.0,0.0,1.0,6.0,0.0,6.0,0.0,0.0
Mount Vernon,67619.0,381.0,2.0,20.0,98.0,261.0,842.0,91.0,642.0,109.0,6.0
Nassau Village,1101.0,0.0,0.0,0.0,0.0,0.0,7.0,1.0,6.0,0.0,0.0
Newark Village,8799.0,28.0,0.0,2.0,10.0,16.0,228.0,20.0,202.0,6.0,0.0
New Berlin Town,1510.0,0.0,0.0,0.0,0.0,0.0,15.0,2.0,12.0,1.0,0.0
Newburgh,28070.0,317.0,3.0,19.0,82.0,213.0,640.0,137.0,484.0,19.0,3.0
Newburgh Town,31128.0,22.0,0.0,2.0,6.0,14.0,911.0,34.0,864.0,13.0,4.0
New Castle Town,17896.0,1.0,0.0,0.0,0.0,1.0,53.0,5.0,48.0,0.0,0.0
New Hartford Town and Village,20294.0,17.0,0.0,2.0,6.0,9.0,617.0,21.0,587.0,9.0,3.0
New Rochelle,78936.0,98.0,0.0,9.0,34.0,55.0,762.0,35.0,696.0,31.0,
New Windsor Town,27971.0,28.0,2.0,3.0,1.0,22.0,271.0,34.0,235.0,2.0,2.0
New York,8379043.0,47821.0,319.0,2770.0,13396.0,31336.0,122299.0,9846.0,106931.0,5522.0,
New York Mills Village,3217.0,0.0,0.0,0.0,0.0,0.0,39.0,5.0,32.0,2.0,0.0
Niagara Falls,47900.0,431.0,2.0,32.0,101.0,296.0,1848.0,266.0,1471.0,111.0,25.0
Niagara Town,7958.0,4.0,0.0,0.0,2.0,2.0,212.0,9.0,194.0,9.0,1.0
Niskayuna Town,22407.0,11.0,0.0,1.0,4.0,6.0,308.0,23.0,275.0,10.0,0.0
Nissequogue Village,1731.0,0.0,0.0,0.0,0.0,0.0,5.0,1.0,3.0,1.0,0.0
Norfolk Town,4375.0,1.0,0.0,0.0,0.0,1.0,4.0,2.0,2.0,0.0,0.0
North Castle Town,12248.0,4.0,0.0,0.0,0.0,4.0,75.0,5.0,66.0,4.0,0.0
Northport Village,7288.0,0.0,0.0,0.0,0.0,0.0,7.0,0.0,7.0,0.0,0.0
North Syracuse Village,6637.0,14.0,0.0,0.0,5.0,9.0,70.0,5.0,61.0,4.0,0.0
North Tonawanda,30228.0,44.0,0.0,11.0,13.0,20.0,351.0,47.0,288.0,16.0,1.0
Norwich,6581.0,28.0,0.0,15.0,0.0,13.0,186.0,31.0,153.0,2.0,0.0
Norwood Village,1553.0,2.0,0.0,0.0,0.0,2.0,6.0,2.0,4.0,0.0,1.0
Ocean Beach Village,83.0,0.0,0.0,0.0,0.0,0.0,9.0,0.0,9.0,0.0,0.0
Ogdensburg,10484.0,36.0,0.0,3.0,2.0,31.0,296.0,56.0,237.0,3.0,2.0
Ogden Town,20144.0,10.0,1.0,0.0,2.0,7.0,141.0,2.0,129.0,10.0,0.0
Old Brookville Village,2202.0,1.0,0.0,0.0,0.0,1.0,45.0,9.0,27.0,9.0,0.0
Old Westbury Village,4752.0,1.0,0.0,0.0,0.0,1.0,47.0,13.0,20.0,14.0,1.0
Olean,13499.0,45.0,0.0,9.0,4.0,32.0,310.0,36.0,266.0,8.0,2.0
Oneida,10864.0,41.0,0.0,15.0,4.0,22.0,372.0,44.0,326.0,2.0,0.0
Oneonta City,13915.0,34.0,0.0,10.0,3.0,21.0,145.0,29.0,108.0,8.0,1.0
Orangetown Town,37371.0,34.0,0.0,5.0,12.0,17.0,265.0,27.0,234.0,4.0,1.0
Orchard Park Town,29599.0,24.0,0.0,9.0,4.0,11.0,345.0,31.0,306.0,8.0,0.0
Oriskany Village,1329.0,0.0,0.0,0.0,0.0,0.0,10.0,0.0,10.0,0.0,0.0
Ossining Village,24991.0,20.0,1.0,1.0,4.0,14.0,157.0,13.0,141.0,3.0,0.0
Oswego City,17239.0,51.0,0.0,17.0,4.0,30.0,583.0,56.0,503.0,24.0,1.0
Owego Village,3887.0,17.0,0.0,8.0,2.0,7.0,114.0,19.0,94.0,1.0,0.0
Oxford Village,1379.0,0.0,0.0,0.0,0.0,0.0,2.0,0.0,2.0,0.0,
Oyster Bay Cove Village,4296.0,1.0,0.0,0.0,0.0,1.0,7.0,1.0,4.0,2.0,0.0
Painted Post Village,1953.0,1.0,0.0,0.0,0.0,1.0,8.0,3.0,4.0,1.0,0.0
Palmyra Village,3316.0,4.0,0.0,2.0,1.0,1.0,7.0,0.0,6.0,1.0,0.0
Peekskill,24243.0,30.0,0.0,1.0,7.0,22.0,209.0,7.0,196.0,6.0,0.0
Pelham Manor Village,5567.0,7.0,0.0,0.0,2.0,5.0,149.0,10.0,134.0,5.0,0.0
Pelham Village,6911.0,4.0,0.0,0.0,1.0,3.0,45.0,3.0,41.0,1.0,0.0
Penn Yan Village,4910.0,5.0,0.0,4.0,0.0,1.0,51.0,8.0,42.0,1.0,1.0
Perry Village,3442.0,4.0,0.0,3.0,0.0,1.0,36.0,7.0,27.0,2.0,0.0
Philmont Village,1260.0,0.0,0.0,0.0,0.0,0.0,3.0,0.0,3.0,0.0,0.0
Phoenix Village,2242.0,4.0,0.0,0.0,0.0,4.0,15.0,0.0,15.0,0.0,0.0
Piermont Village,2538.0,0.0,0.0,0.0,0.0,0.0,4.0,1.0,3.0,0.0,0.0
Pine Plains Town,2402.0,0.0,0.0,0.0,0.0,0.0,0.0,0.0,0.0,0.0,0.0
Plattekill Town,10160.0,2.0,0.0,0.0,0.0,2.0,22.0,7.0,15.0,0.0,0.0
Plattsburgh City,19367.0,36.0,0.0,13.0,1.0,22.0,243.0,22.0,219.0,2.0,3.0
Pleasantville Village,7261.0,6.0,3.0,0.0,3.0,0.0,38.0,3.0,35.0,0.0,0.0
Port Chester Village,29317.0,21.0,1.0,2.0,7.0,11.0,200.0,18.0,172.0,10.0,1.0
Port Jervis,8523.0,37.0,1.0,7.0,3.0,26.0,137.0,14.0,117.0,6.0,1.0
Port Washington,19396.0,6.0,0.0,0.0,2.0,4.0,91.0,6.0,82.0,3.0,1.0
Potsdam Village,8917.0,2.0,0.0,0.0,1.0,1.0,67.0,8.0,58.0,1.0,0.0
Poughkeepsie,30422.0,235.0,3.0,26.0,63.0,143.0,513.0,73.0,402.0,38.0,5.0
Poughkeepsie Town,38889.0,70.0,2.0,12.0,20.0,36.0,991.0,65.0,893.0,33.0,3.0
Pound Ridge Town,5159.0,1.0,0.0,1.0,0.0,0.0,34.0,2.0,32.0,0.0,0.0
Pulaski Village,2227.0,0.0,0.0,0.0,0.0,0.0,22.0,2.0,20.0,0.0,0.0
Quogue Village,1015.0,1.0,0.0,0.0,0.0,1.0,29.0,0.0,28.0,1.0,1.0
Ramapo Town,94633.0,68.0,1.0,16.0,5.0,46.0,436.0,36.0,380.0,20.0,4.0
Red Hook Village,1956.0,1.0,0.0,0.0,0.0,1.0,38.0,9.0,29.0,0.0,0.0
Rhinebeck Village,2556.0,1.0,0.0,0.0,0.0,1.0,21.0,3.0,18.0,0.0,0.0
Riverhead Town,33536.0,33.0,1.0,3.0,10.0,19.0,568.0,43.0,516.0,9.0,4.0
Rochester,205769.0,1540.0,33.0,102.0,429.0,976.0,7142.0,1269.0,5222.0,651.0,83.0
Rockville Centre Village,24669.0,10.0,0.0,0.0,3.0,7.0,175.0,19.0,139.0,17.0,0.0
Rome,32019.0,54.0,1.0,8.0,11.0,34.0,524.0,84.0,416.0,24.0,2.0
Rosendale Town,5826.0,1.0,0.0,0.0,0.0,1.0,26.0,3.0,23.0,0.0,0.0
Rotterdam Town,29855.0,32.0,0.0,4.0,3.0,25.0,754.0,54.0,669.0,31.0,0.0
Rye,15756.0,1.0,0.0,0.0,1.0,0.0,15.0,1.0,11.0,3.0,0.0
Rye Brook Village,9530.0,0.0,0.0,0.0,0.0,0.0,69.0,6.0,58.0,5.0,0.0
Sackets Harbor Village,1413.0,0.0,0.0,0.0,0.0,0.0,0.0,0.0,0.0,0.0,0.0
Sag Harbor Village,2298.0,0.0,0.0,0.0,0.0,0.0,0.0,0.0,0.0,0.0,0.0
Salamanca,5439.0,24.0,0.0,0.0,4.0,20.0,54.0,8.0,43.0,3.0,1.0
Sands Point Village,2912.0,1.0,0.0,1.0,0.0,0.0,29.0,5.0,12.0,12.0,0.0
Saranac Lake Village,5221.0,4.0,0.0,2.0,0.0,2.0,35.0,8.0,26.0,1.0,0.0
Saratoga Springs,28186.0,64.0,0.0,19.0,5.0,40.0,448.0,51.0,390.0,7.0,3.0
Saugerties Town,19095.0,27.0,0.0,8.0,0.0,19.0,165.0,28.0,132.0,5.0,1.0
Scarsdale Village,17954.0,6.0,0.0,0.0,0.0,6.0,117.0,12.0,104.0,1.0,0.0
Schenectady,65504.0,528.0,3.0,56.0,133.0,336.0,1770.0,248.0,1392.0,130.0,20.0
Schodack Town,11722.0,9.0,0.0,2.0,2.0,5.0,74.0,11.0,59.0,4.0,0.0
Schoharie Village,818.0,0.0,0.0,0.0,0.0,0.0,0.0,0.0,0.0,0.0,0.0
Scotia Village,7641.0,15.0,0.0,4.0,5.0,6.0,111.0,11.0,94.0,6.0,0.0
Seneca Falls Town,8632.0,9.0,0.0,3.0,1.0,5.0,205.0,15.0,187.0,3.0,0.0
Shandaken Town,2947.0,0.0,0.0,0.0,0.0,0.0,9.0,1.0,8.0,0.0,0.0
Shawangunk Town,13853.0,2.0,0.0,1.0,0.0,1.0,41.0,8.0,30.0,3.0,0.0
Sherburne Village,1302.0,0.0,0.0,0.0,0.0,0.0,13.0,0.0,13.0,0.0,0.0
Sherrill,2991.0,0.0,0.0,0.0,0.0,0.0,6.0,3.0,3.0,0.0,0.0
Shortsville Village,1419.0,0.0,0.0,0.0,0.0,0.0,1.0,0.0,1.0,0.0,0.0
Sidney Village,3573.0,16.0,0.0,6.0,2.0,8.0,119.0,7.0,109.0,3.0,1.0
Skaneateles Village,2464.0,0.0,0.0,0.0,0.0,0.0,40.0,1.0,39.0,0.0,0.0
Sleepy Hollow Village,10080.0,0.0,0.0,0.0,0.0,0.0,0.0,0.0,0.0,0.0,0.0
Solvay Village,6227.0,13.0,0.0,2.0,1.0,10.0,65.0,17.0,40.0,8.0,0.0
Southampton Town,51090.0,46.0,0.0,9.0,6.0,31.0,474.0,42.0,411.0,21.0,0.0
Southampton Village,3326.0,1.0,0.0,0.0,0.0,1.0,48.0,6.0,38.0,4.0,0.0
South Glens Falls Village,3677.0,4.0,0.0,0.0,1.0,3.0,35.0,3.0,31.0,1.0,0.0
Southold Town,19915.0,15.0,0.0,4.0,0.0,11.0,209.0,30.0,172.0,7.0,2.0
Spring Valley Village,32367.0,115.0,1.0,15.0,38.0,61.0,425.0,40.0,380.0,5.0,2.0
Stillwater Town,7300.0,1.0,0.0,1.0,0.0,0.0,16.0,1.0,14.0,1.0,0.0
St. Johnsville Village,1679.0,1.0,0.0,0.0,0.0,1.0,22.0,1.0,20.0,1.0,0.0
Stony Point Town,15413.0,10.0,0.0,4.0,1.0,5.0,51.0,9.0,41.0,1.0,1.0
Syracuse,142438.0,1129.0,19.0,105.0,246.0,759.0,4464.0,850.0,3051.0,563.0,39.0
Tarrytown Village,11416.0,6.0,0.0,2.0,2.0,2.0,58.0,14.0,38.0,6.0,0.0
Theresa Village,788.0,0.0,0.0,0.0,0.0,0.0,0.0,0.0,0.0,0.0,0.0
Ticonderoga Town,4790.0,10.0,0.0,0.0,1.0,9.0,30.0,3.0,23.0,4.0,1.0
Tonawanda,14754.0,38.0,0.0,11.0,4.0,23.0,188.0,20.0,158.0,10.0,0.0
Tonawanda Town,56717.0,83.0,4.0,5.0,34.0,40.0,725.0,132.0,552.0,41.0,4.0
Troy,49286.0,296.0,3.0,25.0,73.0,195.0,1365.0,225.0,1035.0,105.0,11.0
Trumansburg Village,1757.0,1.0,0.0,1.0,0.0,0.0,31.0,2.0,29.0,0.0,0.0
Tuckahoe Village,6584.0,0.0,0.0,0.0,0.0,0.0,28.0,3.0,21.0,4.0,0.0
Tuxedo Town,2901.0,0.0,0.0,0.0,0.0,0.0,1.0,1.0,0.0,0.0,0.0
Ulster Town,12625.0,16.0,1.0,4.0,2.0,9.0,208.0,15.0,190.0,3.0,0.0
Utica,59842.0,374.0,6.0,31.0,143.0,194.0,1986.0,261.0,1635.0,90.0,16.0
Vernon Village,1156.0,0.0,0.0,0.0,0.0,0.0,6.0,0.0,6.0,0.0,0.0
Walden Village,6670.0,2.0,0.0,0.0,0.0,2.0,36.0,2.0,32.0,2.0,0.0
Wallkill Town,29236.0,37.0,0.0,2.0,8.0,27.0,557.0,27.0,514.0,16.0,0.0
Warsaw Village,3251.0,5.0,0.0,2.0,0.0,3.0,43.0,4.0,36.0,3.0,0.0
Washingtonville Village,5740.0,1.0,0.0,0.0,0.0,1.0,20.0,2.0,17.0,1.0,0.0
Waterford Town and Village,8574.0,2.0,0.0,0.0,0.0,2.0,27.0,10.0,13.0,4.0,0.0
Waterloo Village,4885.0,0.0,0.0,0.0,0.0,0.0,51.0,11.0,38.0,2.0,0.0
Watertown,25102.0,154.0,0.0,57.0,14.0,83.0,887.0,108.0,743.0,36.0,6.0
Watervliet,9954.0,44.0,0.0,5.0,7.0,32.0,198.0,25.0,162.0,11.0,2.0
Watkins Glen Village,1905.0,1.0,0.0,0.0,0.0,1.0,24.0,3.0,21.0,0.0,0.0
Waverly Village,4119.0,3.0,0.0,1.0,0.0,2.0,10.0,2.0,8.0,0.0,0.0
Webb Town,1790.0,1.0,0.0,0.0,0.0,1.0,3.0,0.0,2.0,1.0,0.0
Weedsport Village,1711.0,0.0,0.0,0.0,0.0,0.0,14.0,2.0,12.0,0.0,0.0
Wellsville Village,4366.0,9.0,0.0,6.0,0.0,3.0,32.0,2.0,30.0,0.0,0.0
West Carthage Village,1957.0,0.0,0.0,0.0,0.0,0.0,10.0,1.0,9.0,0.0,0.0
Westfield Village,2981.0,0.0,0.0,0.0,0.0,0.0,11.0,0.0,11.0,0.0,0.0
Westhampton Beach Village,1811.0,0.0,0.0,0.0,0.0,0.0,26.0,4.0,21.0,1.0,1.0
West Seneca Town,45399.0,67.0,1.0,16.0,13.0,37.0,601.0,83.0,491.0,27.0,1.0
Whitestown Town,9096.0,0.0,0.0,0.0,0.0,0.0,28.0,5.0,14.0,9.0,0.0
Windham Town,1675.0,2.0,0.0,0.0,0.0,2.0,5.0,1.0,4.0,0.0,0.0
Woodbury Town,11006.0,3.0,0.0,0.0,1.0,2.0,460.0,5.0,450.0,5.0,0.0
Woodridge Village,776.0,4.0,0.0,0.0,1.0,3.0,17.0,8.0,9.0,0.0,0.0
Woodstock Town,5781.0,3.0,0.0,0.0,1.0,2.0,32.0,7.0,24.0,1.0,1.0
Yonkers,200075.0,708.0,6.0,42.0,224.0,436.0,1826.0,208.0,1466.0,152.0,15.0
Yorktown Town,36426.0,8.0,0.0,1.0,3.0,4.0,214.0,20.0,186.0,8.0,0.0
Youngstown Village,1879.0,0.0,0.0,0.0,0.0,0.0,3.0,0.0,3.0,0.0,0.0
Barre,8551.0,64.0,0.0,18.0,3.0,43.0,203.0,20.0,183.0,0.0,3.0
Barre Town,7679.0,6.0,0.0,1.0,0.0,5.0,67.0,3.0,62.0,2.0,1.0
Bellows Falls,2988.0,7.0,0.0,0.0,2.0,5.0,54.0,11.0,42.0,1.0,0.0
Bennington,14912.0,63.0,0.0,3.0,9.0,51.0,514.0,67.0,431.0,16.0,0.0
Berlin,2789.0,9.0,0.0,2.0,0.0,7.0,122.0,4.0,117.0,1.0,0.0
Bradford,2701.0,0.0,0.0,0.0,0.0,0.0,19.0,4.0,14.0,1.0,0.0
Brandon,3744.0,6.0,0.0,2.0,0.0,4.0,63.0,10.0,50.0,3.0,0.0
Brattleboro,11401.0,48.0,0.0,3.0,6.0,39.0,616.0,53.0,554.0,9.0,2.0
Brighton,1184.0,0.0,0.0,0.0,0.0,0.0,6.0,2.0,3.0,1.0,0.0
Bristol,3883.0,1.0,0.0,1.0,0.0,0.0,17.0,3.0,13.0,1.0,0.0
Burlington,42958.0,174.0,2.0,41.0,13.0,118.0,1110.0,109.0,976.0,25.0,2.0
Castleton,4507.0,3.0,0.0,0.0,0.0,3.0,32.0,8.0,23.0,1.0,0.0
Chester,3018.0,6.0,0.0,0.0,0.0,6.0,16.0,7.0,4.0,5.0,0.0
Colchester,17548.0,26.0,0.0,10.0,4.0,12.0,234.0,21.0,212.0,1.0,1.0
Dover,1057.0,3.0,0.0,0.0,0.0,3.0,73.0,2.0,70.0,1.0,0.0
Essex,22213.0,19.0,0.0,2.0,1.0,16.0,286.0,42.0,238.0,6.0,0.0
Fair Haven,2554.0,4.0,0.0,1.0,0.0,3.0,35.0,1.0,32.0,2.0,0.0
Hardwick,2852.0,5.0,0.0,2.0,0.0,3.0,28.0,3.0,25.0,0.0,0.0
Hartford,9654.0,38.0,0.0,12.0,4.0,22.0,168.0,30.0,132.0,6.0,0.0
Hinesburg,4601.0,5.0,1.0,3.0,0.0,1.0,23.0,11.0,9.0,3.0,0.0
Killington,757.0,0.0,0.0,0.0,0.0,0.0,1.0,0.0,1.0,0.0,0.0
Ludlow,1876.0,7.0,0.0,0.0,1.0,6.0,13.0,2.0,11.0,0.0,0.0
Lyndonville,1160.0,3.0,0.0,0.0,0.0,3.0,30.0,1.0,29.0,0.0,0.0
Manchester,4242.0,6.0,0.0,2.0,1.0,3.0,54.0,7.0,47.0,0.0,0.0
Middlebury,8776.0,16.0,0.0,5.0,0.0,11.0,118.0,15.0,101.0,2.0,0.0
Milton,11064.0,11.0,0.0,5.0,1.0,5.0,117.0,14.0,101.0,2.0,0.0
Montpelier,7386.0,11.0,0.0,6.0,0.0,5.0,171.0,7.0,164.0,0.0,0.0
Morristown,5465.0,14.0,0.0,7.0,0.0,7.0,121.0,10.0,111.0,0.0,1.0
Newport,4216.0,34.0,0.0,8.0,0.0,26.0,87.0,15.0,69.0,3.0,0.0
Northfield,5990.0,13.0,0.0,1.0,0.0,12.0,37.0,3.0,31.0,3.0,0.0
Norwich,3307.0,1.0,0.0,0.0,0.0,1.0,13.0,3.0,9.0,1.0,0.0
Pittsford,2786.0,0.0,0.0,0.0,0.0,0.0,10.0,1.0,9.0,0.0,0.0
Richmond,4178.0,1.0,0.0,0.0,0.0,1.0,13.0,0.0,13.0,0.0,0.0
Royalton,2864.0,0.0,0.0,0.0,0.0,0.0,10.0,0.0,9.0,1.0,0.0
Rutland,15191.0,67.0,0.0,13.0,5.0,49.0,415.0,64.0,330.0,21.0,6.0
Rutland Town,4096.0,7.0,0.0,4.0,0.0,3.0,53.0,12.0,38.0,3.0,0.0
Shelburne,7857.0,1.0,0.0,0.0,0.0,1.0,110.0,8.0,99.0,3.0,0.0
South Burlington,19687.0,22.0,0.0,6.0,4.0,12.0,687.0,32.0,647.0,8.0,2.0
Springfield,8900.0,25.0,0.0,8.0,0.0,17.0,159.0,25.0,133.0,1.0,1.0
St. Albans,6800.0,51.0,0.0,6.0,2.0,43.0,332.0,19.0,310.0,3.0,3.0
St. Johnsbury,7158.0,17.0,0.0,5.0,1.0,11.0,142.0,21.0,118.0,3.0,2.0
Stowe,4452.0,1.0,0.0,0.0,0.0,1.0,48.0,5.0,42.0,1.0,4.0
Swanton,6595.0,10.0,0.0,0.0,2.0,8.0,60.0,7.0,48.0,5.0,0.0
Thetford,2545.0,2.0,0.0,1.0,0.0,1.0,12.0,4.0,8.0,0.0,0.0
Vergennes,2596.0,5.0,0.0,1.0,0.0,4.0,27.0,3.0,24.0,0.0,0.0
Weathersfield,2753.0,2.0,0.0,0.0,0.0,2.0,7.0,3.0,3.0,1.0,0.0
Williston,10026.0,8.0,0.0,0.0,2.0,6.0,205.0,8.0,193.0,4.0,0.0
Wilmington,1801.0,6.0,0.0,1.0,0.0,5.0,15.0,3.0,7.0,5.0,0.0
Windsor,3324.0,3.0,0.0,0.0,0.0,3.0,26.0,5.0,18.0,3.0,2.0
Winhall,731.0,0.0,0.0,0.0,0.0,0.0,11.0,2.0,9.0,0.0,0.0
Winooski,7346.0,23.0,1.0,7.0,0.0,15.0,128.0,31.0,93.0,4.0,2.0
Woodstock,2925.0,2.0,0.0,1.0,0.0,1.0,23.0,7.0,15.0,1.0,0.0
Alexandria,1620.0,0.0,0.0,0.0,0.0,0.0,15.0,3.0,11.0,1.0,0.0
Allenstown,4435.0,10.0,0.0,4.0,0.0,6.0,26.0,3.0,22.0,1.0,1.0
Alstead,1931.0,3.0,0.0,2.0,0.0,1.0,1.0,0.0,1.0,0.0,0.0
Alton,5339.0,10.0,2.0,5.0,0.0,3.0,34.0,8.0,24.0,2.0,0.0
Amherst,11344.0,3.0,0.0,2.0,1.0,0.0,108.0,12.0,95.0,1.0,1.0
Antrim,2702.0,3.0,1.0,1.0,0.0,1.0,21.0,4.0,16.0,1.0,0.0
Ashland,2053.0,1.0,0.0,0.0,0.0,1.0,40.0,5.0,35.0,0.0,0.0
Atkinson,7037.0,0.0,0.0,0.0,0.0,0.0,29.0,13.0,15.0,1.0,0.0
Auburn,5608.0,2.0,0.0,0.0,0.0,2.0,37.0,7.0,27.0,3.0,0.0
Barnstead,4668.0,3.0,0.0,3.0,0.0,0.0,20.0,5.0,13.0,2.0,0.0
Barrington,9263.0,6.0,0.0,5.0,0.0,1.0,36.0,11.0,20.0,5.0,0.0
Bartlett,2809.0,2.0,0.0,1.0,1.0,0.0,23.0,6.0,16.0,1.0,0.0
Bath,1093.0,0.0,0.0,0.0,0.0,0.0,1.0,0.0,0.0,1.0,0.0
Bedford,22887.0,12.0,0.0,5.0,3.0,4.0,174.0,11.0,161.0,2.0,1.0
Belmont,7293.0,19.0,0.0,3.0,0.0,16.0,128.0,17.0,104.0,7.0,0.0
Bennington,1512.0,1.0,0.0,1.0,0.0,0.0,5.0,0.0,4.0,1.0,1.0
Berlin,10230.0,22.0,0.0,8.0,4.0,10.0,110.0,13.0,94.0,3.0,4.0
Bethlehem,2569.0,5.0,0.0,4.0,0.0,1.0,20.0,5.0,13.0,2.0,0.0
Boscawen,4095.0,8.0,0.0,0.0,0.0,8.0,32.0,3.0,25.0,4.0,1.0
Bow,8004.0,5.0,0.0,0.0,1.0,4.0,30.0,3.0,20.0,7.0,1.0
Bradford,1710.0,0.0,0.0,0.0,0.0,0.0,19.0,0.0,16.0,3.0,1.0
Bristol,3057.0,6.0,1.0,3.0,1.0,1.0,49.0,7.0,39.0,3.0,0.0
Brookline,5461.0,0.0,0.0,0.0,0.0,0.0,21.0,2.0,17.0,2.0,0.0
Campton,3305.0,5.0,0.0,4.0,0.0,1.0,36.0,2.0,32.0,2.0,0.0
Candia,3945.0,1.0,0.0,0.0,0.0,1.0,32.0,2.0,30.0,0.0,0.0
Canterbury,2468.0,2.0,0.0,0.0,0.0,2.0,26.0,3.0,21.0,2.0,2.0
Carroll,740.0,0.0,0.0,0.0,0.0,0.0,16.0,1.0,12.0,3.0,0.0
Center Harbor,1099.0,0.0,0.0,0.0,0.0,0.0,8.0,1.0,6.0,1.0,0.0
Charlestown,4998.0,8.0,0.0,0.0,0.0,8.0,18.0,5.0,13.0,0.0,1.0
Chester,5295.0,9.0,0.0,3.0,0.0,6.0,28.0,4.0,23.0,1.0,2.0
Chichester,2709.0,2.0,0.0,1.0,0.0,1.0,27.0,4.0,23.0,0.0,0.0
Colebrook,2114.0,1.0,0.0,0.0,0.0,1.0,28.0,14.0,13.0,1.0,0.0
Concord,43509.0,65.0,4.0,10.0,25.0,26.0,805.0,49.0,710.0,46.0,2.0
Conway,10287.0,22.0,0.0,15.0,1.0,6.0,222.0,21.0,194.0,7.0,0.0
Cornish,1623.0,0.0,0.0,0.0,0.0,0.0,7.0,2.0,5.0,0.0,1.0
Dalton,868.0,0.0,0.0,0.0,0.0,0.0,0.0,0.0,0.0,0.0,0.0
Danville,4584.0,0.0,0.0,0.0,0.0,0.0,11.0,3.0,5.0,3.0,0.0
Deerfield,4562.0,1.0,0.0,1.0,0.0,0.0,17.0,6.0,11.0,0.0,0.0
Deering,1967.0,2.0,0.0,0.0,0.0,2.0,20.0,2.0,15.0,3.0,0.0
Derry,33672.0,33.0,1.0,18.0,3.0,11.0,279.0,22.0,247.0,10.0,5.0
Dover,31950.0,25.0,0.0,8.0,6.0,11.0,347.0,38.0,295.0,14.0,1.0
Dublin,1538.0,1.0,0.0,0.0,0.0,1.0,7.0,0.0,7.0,0.0,0.0
Dunbarton,2870.0,3.0,0.0,2.0,0.0,1.0,21.0,1.0,19.0,1.0,0.0
Durham,16810.0,6.0,0.0,2.0,2.0,2.0,42.0,10.0,31.0,1.0,1.0
East Kingston,2430.0,1.0,0.0,0.0,0.0,1.0,8.0,0.0,7.0,1.0,0.0
Effingham,1480.0,1.0,0.0,1.0,0.0,0.0,1.0,0.0,1.0,0.0,0.0
Enfield,4563.0,5.0,0.0,2.0,0.0,3.0,27.0,3.0,24.0,0.0,0.0
Epping,7117.0,3.0,0.0,2.0,0.0,1.0,74.0,2.0,68.0,4.0,0.0
Epsom,4777.0,3.0,0.0,2.0,0.0,1.0,26.0,3.0,23.0,0.0,0.0
Exeter,15425.0,28.0,0.0,9.0,0.0,19.0,99.0,11.0,85.0,3.0,0.0
Farmington,6932.0,8.0,0.0,5.0,0.0,3.0,103.0,26.0,65.0,12.0,2.0
Fitzwilliam,2373.0,0.0,0.0,0.0,0.0,0.0,12.0,3.0,7.0,2.0,0.0
Franconia,1111.0,1.0,0.0,0.0,0.0,1.0,14.0,0.0,13.0,1.0,1.0
Freedom,1562.0,0.0,0.0,0.0,0.0,0.0,3.0,0.0,3.0,0.0,0.0
Fremont,4803.0,0.0,0.0,0.0,0.0,0.0,37.0,3.0,32.0,2.0,1.0
Gilford,7197.0,5.0,0.0,2.0,0.0,3.0,111.0,16.0,90.0,5.0,0.0
Gilmanton,3754.0,7.0,0.0,4.0,0.0,3.0,23.0,5.0,18.0,0.0,0.0
Goffstown,18163.0,18.0,1.0,9.0,4.0,4.0,114.0,13.0,98.0,3.0,0.0
Gorham,2579.0,3.0,0.0,1.0,0.0,2.0,20.0,2.0,18.0,0.0,0.0
Grantham,2946.0,0.0,0.0,0.0,0.0,0.0,14.0,4.0,10.0,0.0,0.0
Greenland,4195.0,0.0,0.0,0.0,0.0,0.0,16.0,2.0,12.0,2.0,0.0
Hampstead,8662.0,7.0,0.0,3.0,0.0,4.0,48.0,1.0,45.0,2.0,0.0
Hampton,15616.0,31.0,1.0,3.0,4.0,23.0,138.0,13.0,114.0,11.0,2.0
Hampton Falls,2385.0,2.0,0.0,2.0,0.0,0.0,18.0,2.0,16.0,0.0,0.0
Hancock,1658.0,1.0,0.0,0.0,0.0,1.0,2.0,0.0,2.0,0.0,0.0
Hanover,11531.0,7.0,0.0,4.0,0.0,3.0,95.0,12.0,81.0,2.0,2.0
Haverhill,4568.0,16.0,0.0,5.0,1.0,10.0,71.0,9.0,57.0,5.0,1.0
Henniker,5009.0,12.0,0.0,5.0,0.0,7.0,45.0,5.0,35.0,5.0,0.0
Hillsborough,5990.0,12.0,1.0,5.0,0.0,6.0,56.0,13.0,39.0,4.0,1.0
Hinsdale,3888.0,5.0,2.0,1.0,0.0,2.0,94.0,11.0,80.0,3.0,0.0
Holderness,2109.0,0.0,0.0,0.0,0.0,0.0,14.0,2.0,11.0,1.0,0.0
Hollis,7976.0,5.0,1.0,3.0,0.0,1.0,29.0,7.0,19.0,3.0,1.0
Hooksett,14554.0,12.0,2.0,3.0,4.0,3.0,162.0,13.0,139.0,10.0,1.0
Hopkinton,5759.0,1.0,0.0,1.0,0.0,0.0,20.0,2.0,16.0,2.0,0.0
Hudson,25695.0,19.0,0.0,3.0,2.0,14.0,210.0,27.0,174.0,9.0,1.0
Jackson,856.0,0.0,0.0,0.0,0.0,0.0,6.0,1.0,5.0,0.0,0.0
Keene,22999.0,42.0,0.0,17.0,12.0,13.0,488.0,31.0,434.0,23.0,0.0
Kensington,2118.0,1.0,0.0,1.0,0.0,0.0,3.0,0.0,2.0,1.0,0.0
Kingston,6362.0,5.0,0.0,2.0,0.0,3.0,11.0,2.0,7.0,2.0,0.0
Laconia,16534.0,37.0,1.0,17.0,4.0,15.0,535.0,32.0,461.0,42.0,1.0
Lancaster,3219.0,5.0,0.0,0.0,0.0,5.0,29.0,7.0,22.0,0.0,2.0
Lebanon,13661.0,16.0,0.0,8.0,2.0,6.0,299.0,21.0,265.0,13.0,1.0
Lee,4494.0,1.0,0.0,1.0,0.0,0.0,17.0,1.0,14.0,2.0,1.0
Lincoln,1775.0,1.0,0.0,0.0,0.0,1.0,27.0,6.0,21.0,0.0,1.0
Lisbon,1583.0,0.0,0.0,0.0,0.0,0.0,11.0,3.0,6.0,2.0,0.0
Litchfield,8660.0,3.0,0.0,1.0,0.0,2.0,31.0,3.0,23.0,5.0,1.0
Littleton,5889.0,16.0,1.0,7.0,4.0,4.0,106.0,16.0,85.0,5.0,2.0
Londonderry,26567.0,20.0,1.0,6.0,2.0,11.0,173.0,16.0,139.0,18.0,0.0
Loudon,5660.0,4.0,1.0,1.0,1.0,1.0,43.0,4.0,31.0,8.0,0.0
Lyndeborough,1740.0,0.0,0.0,0.0,0.0,0.0,6.0,1.0,4.0,1.0,0.0
Madbury,1868.0,0.0,0.0,0.0,0.0,0.0,2.0,0.0,2.0,0.0,0.0
Madison,2613.0,3.0,1.0,0.0,0.0,2.0,28.0,3.0,25.0,0.0,0.0
Manchester,112895.0,678.0,6.0,62.0,133.0,477.0,2678.0,299.0,2225.0,154.0,14.0
Marlborough,2068.0,1.0,0.0,0.0,0.0,1.0,7.0,1.0,6.0,0.0,0.0
Mason,1441.0,1.0,0.0,0.0,0.0,1.0,5.0,1.0,4.0,0.0,0.0
Meredith,6424.0,16.0,0.0,8.0,0.0,8.0,107.0,23.0,76.0,8.0,0.0
Merrimack,26028.0,4.0,0.0,0.0,2.0,2.0,207.0,21.0,177.0,9.0,0.0
Middleton,1827.0,0.0,0.0,0.0,0.0,0.0,17.0,3.0,12.0,2.0,0.0
Milford,16121.0,11.0,0.0,6.0,1.0,4.0,78.0,5.0,71.0,2.0,0.0
Milton,4652.0,7.0,0.0,2.0,0.0,5.0,42.0,7.0,27.0,8.0,1.0
Mont Vernon,2603.0,2.0,0.0,1.0,0.0,1.0,5.0,0.0,5.0,0.0,0.0
Moultonborough,4174.0,0.0,0.0,0.0,0.0,0.0,26.0,4.0,22.0,0.0,0.0
Nashua,89586.0,129.0,1.0,69.0,20.0,39.0,1151.0,81.0,1016.0,54.0,10.0
New Boston,5856.0,2.0,0.0,1.0,0.0,1.0,15.0,1.0,13.0,1.0,0.0
Newbury,2245.0,0.0,0.0,0.0,0.0,0.0,15.0,3.0,11.0,1.0,0.0
New Castle,982.0,0.0,0.0,0.0,0.0,0.0,1.0,0.0,1.0,0.0,0.0
New Durham,2704.0,3.0,0.0,0.0,0.0,3.0,24.0,3.0,19.0,2.0,2.0
Newfields,1735.0,1.0,0.0,0.0,0.0,1.0,14.0,0.0,14.0,0.0,0.0
New Hampton,2216.0,4.0,0.0,2.0,0.0,2.0,12.0,2.0,7.0,3.0,0.0
Newington,810.0,5.0,0.0,0.0,1.0,4.0,113.0,2.0,110.0,1.0,0.0
New Ipswich,5408.0,3.0,0.0,2.0,0.0,1.0,20.0,4.0,14.0,2.0,0.0
Newmarket,9161.0,8.0,0.0,2.0,0.0,6.0,43.0,5.0,37.0,1.0,1.0
Newport,6348.0,6.0,1.0,0.0,2.0,3.0,94.0,8.0,72.0,14.0,1.0
Northfield,4940.0,7.0,0.0,2.0,1.0,4.0,67.0,15.0,46.0,6.0,0.0
North Hampton,4512.0,3.0,0.0,2.0,0.0,1.0,35.0,6.0,26.0,3.0,2.0
Northumberland,2111.0,4.0,0.0,1.0,0.0,3.0,24.0,2.0,21.0,1.0,0.0
Northwood,4302.0,2.0,0.0,0.0,0.0,2.0,31.0,3.0,26.0,2.0,0.0
Nottingham,5149.0,3.0,0.0,0.0,0.0,3.0,7.0,0.0,7.0,0.0,0.0
Orford,1302.0,1.0,0.0,0.0,0.0,1.0,3.0,0.0,3.0,0.0,0.0
Ossipee,4401.0,5.0,0.0,3.0,1.0,1.0,35.0,4.0,27.0,4.0,2.0
Pelham,14198.0,10.0,0.0,4.0,1.0,5.0,94.0,8.0,83.0,3.0,2.0
Pembroke,7240.0,12.0,0.0,9.0,0.0,3.0,59.0,10.0,45.0,4.0,0.0
Peterborough,6669.0,11.0,0.0,4.0,1.0,6.0,48.0,4.0,42.0,2.0,0.0
Pittsburg,807.0,0.0,0.0,0.0,0.0,0.0,5.0,0.0,4.0,1.0,0.0
Pittsfield,4142.0,15.0,0.0,5.0,1.0,9.0,21.0,3.0,16.0,2.0,0.0
Plainfield,2381.0,1.0,0.0,0.0,0.0,1.0,12.0,0.0,12.0,0.0,0.0
Plaistow,7734.0,4.0,0.0,0.0,0.0,4.0,97.0,5.0,87.0,5.0,1.0
Plymouth,6755.0,10.0,0.0,5.0,0.0,5.0,76.0,7.0,65.0,4.0,1.0
Portsmouth,21951.0,28.0,0.0,10.0,2.0,16.0,359.0,28.0,309.0,22.0,1.0
Raymond,10475.0,14.0,0.0,8.0,0.0,6.0,114.0,5.0,101.0,8.0,0.0
Rindge,6308.0,12.0,0.0,5.0,0.0,7.0,60.0,8.0,48.0,4.0,14.0
Rochester,31527.0,94.0,0.0,21.0,11.0,62.0,976.0,111.0,828.0,37.0,3.0
Rollinsford,2591.0,3.0,0.0,1.0,1.0,1.0,17.0,5.0,11.0,1.0,1.0
Rye,5464.0,0.0,0.0,0.0,0.0,0.0,42.0,2.0,35.0,5.0,0.0
Salem,29612.0,25.0,0.0,5.0,13.0,7.0,448.0,25.0,403.0,20.0,2.0
Sanbornton,2975.0,4.0,0.0,0.0,0.0,4.0,24.0,2.0,20.0,2.0,1.0
Sandown,6501.0,2.0,1.0,0.0,0.0,1.0,20.0,7.0,11.0,2.0,0.0
Sandwich,1358.0,0.0,0.0,0.0,0.0,0.0,13.0,2.0,11.0,0.0,0.0
Seabrook,8880.0,4.0,0.0,1.0,1.0,2.0,137.0,16.0,116.0,5.0,0.0
Somersworth,11979.0,15.0,0.0,8.0,5.0,2.0,353.0,25.0,317.0,11.0,2.0
South Hampton,829.0,0.0,0.0,0.0,0.0,0.0,5.0,2.0,3.0,0.0,0.0
Springfield,1342.0,0.0,0.0,0.0,0.0,0.0,0.0,0.0,0.0,0.0,0.0
Strafford,4205.0,0.0,0.0,0.0,0.0,0.0,7.0,2.0,4.0,1.0,0.0
Stratham,7479.0,2.0,0.0,0.0,0.0,2.0,44.0,1.0,41.0,2.0,0.0
Sugar Hill,579.0,0.0,0.0,0.0,0.0,0.0,1.0,0.0,0.0,1.0,0.0
Sunapee,3489.0,0.0,0.0,0.0,0.0,0.0,19.0,1.0,16.0,2.0,1.0
Tamworth,3077.0,2.0,0.0,0.0,1.0,1.0,14.0,0.0,12.0,2.0,0.0
Thornton,2513.0,1.0,0.0,0.0,1.0,0.0,9.0,3.0,6.0,0.0,0.0
Tilton,3557.0,12.0,0.0,3.0,2.0,7.0,200.0,8.0,184.0,8.0,1.0
Troy,2091.0,2.0,0.0,0.0,0.0,2.0,13.0,1.0,12.0,0.0,0.0
Tuftonboro,2414.0,1.0,0.0,0.0,0.0,1.0,12.0,5.0,6.0,1.0,0.0
Wakefield,5789.0,13.0,0.0,7.0,0.0,6.0,34.0,7.0,24.0,3.0,1.0
Warner,2953.0,1.0,0.0,0.0,0.0,1.0,34.0,4.0,28.0,2.0,0.0
Washington,1104.0,0.0,0.0,0.0,0.0,0.0,2.0,1.0,1.0,0.0,0.0
Waterville Valley,243.0,1.0,0.0,1.0,0.0,0.0,12.0,0.0,12.0,0.0,0.0
Weare,9111.0,4.0,0.0,2.0,0.0,2.0,26.0,11.0,12.0,3.0,0.0
Webster,1962.0,3.0,0.0,1.0,0.0,2.0,24.0,5.0,14.0,5.0,0.0
Whitefield,2201.0,4.0,0.0,0.0,1.0,3.0,7.0,1.0,6.0,0.0,0.0
Wilton,3768.0,6.0,0.0,5.0,0.0,1.0,20.0,7.0,13.0,0.0,0.0
Winchester,4192.0,8.0,0.0,4.0,1.0,3.0,34.0,6.0,23.0,5.0,2.0
Windham,14876.0,5.0,0.0,2.0,0.0,3.0,59.0,8.0,51.0,0.0,0.0
Wolfeboro,6403.0,4.0,0.0,1.0,0.0,3.0,34.0,4.0,26.0,4.0,0.0
Woodstock,1369.0,0.0,0.0,0.0,0.0,0.0,9.0,4.0,4.0,1.0,1.0
